ID,NAME,G,MP,FG,FGA,FG%,2P,2PA,2P%,3P,3PA,3P%,FT,FTA,FT%,TRB,AST,STL,BLK,TOV,PF,PTS
1,Abdoulaye N'Diaye,62,,1.7,3,0.565,1.7,3,0.565,0,0,,0.8,1.3,0.585,3.7,0.3,0.2,1,,,4.2
2,Adama N'Diaye,82,,2.9,6.2,0.477,2.9,6.1,0.478,0,0,0,2.2,3.1,0.709,6.5,0.7,0.3,1.4,,,8
3,Alpha N'Diaye,19,20.7,2.2,4.9,0.447,2.1,4.8,0.44,0.1,0.2,0.667,1.5,2.8,0.528,6.6,0.4,0.5,1.1,0.6,2.6,6
4,Aziz N'Diaye,102,23.1,2.9,5.3,0.55,2.9,5.3,0.551,0,0,0,1.3,3.1,0.413,7.3,0.3,0.4,1.1,1.5,2.7,7.1
5,Badara N'Diaye,27,,1.1,3.6,0.323,1.1,3.6,0.323,0,0,,0.6,1.2,0.469,3.1,0.5,0.4,0.8,1.1,,2.9
6,Calix N'Diaye,49,,1,3,0.342,0.6,1.4,0.443,0.4,1.6,0.25,1.1,1.4,0.794,1.3,0.8,0.2,0.1,,,3.5
7,Cheikh N'diaye,80,6.5,0.6,0.9,0.649,0.6,0.9,0.649,0,0,,0.3,0.5,0.526,1.2,0.1,0.1,0.4,0.5,1.2,1.5
8,Hamady N'Diaye,124,28.3,2.2,4,0.539,2.2,4,0.542,0,0,0,1.5,2.5,0.592,5.5,0.4,0.4,2.9,1.5,0.7,5.8
9,Ishmael N'Diaye,80,,2.7,6.3,0.421,2.2,4.9,0.46,0.4,1.5,0.291,2.2,3.3,0.664,3.2,1.4,0.9,0.2,,,8
10,Makhtar N'Diaye,121,13.3,1.6,3.5,0.461,1.6,3.3,0.47,0,0.2,0.263,0.6,1,0.581,3.4,0.5,0.4,0.9,,,3.8
11,Mamadou N'Diaye,128,20.8,2.5,4.9,0.506,2.5,4.9,0.508,0,0,0,1.9,2.9,0.641,6.2,0.6,0.7,1.9,,,6.8
12,Mohammad N'Diaye,34,,0.8,1.6,0.482,0.8,1.6,0.482,0,0,,0.1,0.4,0.357,3.2,0.2,0.3,0.1,,,1.7
13,Ndongo N'Diaye,89,,0.9,2.2,0.431,0.9,2.2,0.435,0,0,0,0.4,0.9,0.506,2.9,0.2,0.2,1.6,,,2.3
14,Suleiman N'Diaye,8,,0,0.1,0,0,0,,0,0.1,0,0,0,,0.3,0,0,0,,,0
15,Sidy N'Dir,9,29.9,4.2,8.6,0.494,2.8,4.6,0.61,1.4,4,0.361,3.8,5,0.756,2.7,2.1,0.4,0.7,2.2,2.2,13.7
16,Abdoulaye N'doye,21,4.4,0.1,0.3,0.5,0.1,0.3,0.5,0,0,,0.1,0.4,0.375,0.8,0,0.1,0.4,0.2,1,0.4
17,J.J. N'Ganga,39,11.2,1.1,2.1,0.55,1.1,2.1,0.55,0,0,,0.6,1.1,0.571,1.8,0.2,0.1,0.2,1,1.6,2.9
18,Lucas N'Guessan,9,13,1.7,2.4,0.682,1.7,2.4,0.682,0,0,,0.9,1.9,0.471,3.7,0.2,0.4,1,1.1,3.1,4.2
19,Joseph N'Sima,63,,0.9,2.2,0.4,0.9,2.2,0.412,0,0.1,0,0.8,1.5,0.526,4.9,0.9,0.5,1.4,,,2.6
20,Emmett Naar,72,33,3.4,7.4,0.464,2.1,4.3,0.49,1.4,3.2,0.43,2.1,2.5,0.844,2.9,5.4,0.9,0.1,2.2,1.3,10.4
21,Mike Nabena,101,,1,2.3,0.435,1,2.3,0.44,0,0,0,1.2,1.8,0.646,2,0.5,0.3,0.3,,,3.2
22,Tom Nabity,32,,0.2,0.7,0.304,0.1,0.2,0.286,0.2,0.5,0.313,0.2,0.3,0.875,0.3,0.2,0.2,0,,,0.8
23,Booker Nabors,119,,3.1,7.6,0.415,2.2,4.8,0.461,0.9,2.8,0.334,1.4,1.9,0.751,2.3,2.1,0.6,0.1,,,8.6
24,Gene Nabors,116,,3.9,9.5,0.408,2.5,5.2,0.483,1.4,4.4,0.318,2.3,2.9,0.801,4.2,3.3,2.1,0.1,,,11.4
25,Justin Nabors,60,30.8,4.9,9.4,0.519,4.6,8.5,0.537,0.3,0.9,0.34,3,4.3,0.693,8.1,1.4,1,0.5,2.7,1.3,13
26,Montreal Nabors,4,1,0.3,0.8,0.333,0.3,0.5,0.5,0,0.3,0,0,0,,0.3,0,0,0,0.3,0,0.5
27,Joel Naburgs,118,26.6,2.5,6.6,0.379,1,2.2,0.445,1.5,4.4,0.346,1.6,2.1,0.765,3.8,2.4,0.7,0.1,1.9,1.5,8.2
28,Hank Nacey,7,,0.1,0.4,0.333,0.1,0.4,0.333,0,0,,0,0.3,0,0.6,0,0.1,0,,,0.3
29,Grega Nachbar,4,,0,0,,0,0,,0,0,,0,0,,0.3,0,0,0,,,0
30,Michael Nachreiner,24,,0.3,0.6,0.571,0.3,0.5,0.615,0,0,0,0,0.1,0.5,0.7,0,0,0,,,0.7
31,Abdel Nader,117,24.3,3.7,9.5,0.391,2.6,5.9,0.443,1.1,3.6,0.305,1.8,2.5,0.731,4.3,1.1,0.8,0.6,2.3,2.5,10.3
32,Tyriq Nady,3,4.7,0,0.3,0,0,0.3,0,0,0,,0,0,,0.7,0.3,0,0,1,1,0
33,Andrew Naeve,109,,2.1,4.4,0.477,2.1,4.4,0.48,0,0,0,1.5,2.1,0.703,5.3,0.8,0.7,1.3,,,5.7
34,Mike Nafziger,21,,0.9,2.8,0.31,0.6,1.5,0.387,0.3,1.3,0.222,0.3,0.8,0.375,1.1,0.3,1,0.1,,,2.3
35,Andy Nagel,43,7.4,0.5,1.1,0.468,0.5,1,0.489,0,0,0,0.3,0.5,0.522,1.3,0.2,0,0,0.3,1.4,1.3
36,Clint Nagel,110,,1.1,2.8,0.412,1.1,2.6,0.427,0,0.2,0.2,0.8,1.4,0.592,4,0.8,0.4,0.2,,,3.2
37,Brian Nagle,37,,0.6,1.3,0.511,0.6,1.3,0.511,0,0,,0.2,0.4,0.571,1.2,0.2,0.1,0.1,,,1.5
38,Darin Nagle,49,,3.1,7.9,0.393,2.1,4.4,0.475,1,3.5,0.288,1.4,2.4,0.588,4.8,0.9,0.5,1.7,1.2,,8.6
39,Zach Nagtzaam,10,,0.1,0.2,0.5,0.1,0.1,1,0,0.1,0,0,0,,0.2,0,0.2,0,0.2,,0.2
40,Tomas Nagys,103,,1.3,2.8,0.448,1.2,2.4,0.488,0.1,0.4,0.227,1.7,2.5,0.691,3.7,0.4,0.4,0.4,,,4.3
41,Mike Nahar,30,,5.3,9.2,0.58,5.3,9.2,0.582,0,0,0,4.8,5.9,0.803,6.7,1.5,0.3,1.3,,,15.4
42,Brad Nahra,69,,0.4,1.4,0.316,0.2,0.5,0.432,0.2,0.8,0.241,0.5,0.7,0.627,0.8,0.6,0.2,0,,,1.5
43,Charles Naihe,6,,2,5.3,0.375,0.7,2.3,0.286,1.3,3,0.444,0.3,0.7,0.5,2.7,0.7,0,0,,,5.7
44,Charlie Naihe,21,,1.2,3.2,0.388,0.5,1.2,0.44,0.7,2,0.357,0.2,0.3,0.667,1.8,0.7,0.3,0,,,3.4
45,Jordan Naihe,18,,0.1,0.7,0.167,0.1,0.3,0.2,0.1,0.4,0.143,0.1,0.1,1,0.4,0.4,0.1,0.1,,,0.4
46,Lee Nailon,63,31.9,9.4,17.7,0.532,9.4,17.5,0.536,0.1,0.3,0.294,4.9,6.7,0.728,9.1,2.2,1.5,1,3.2,1.8,23.9
47,Jahlil Nails,27,19.8,2,5.2,0.393,0.8,2,0.396,1.3,3.2,0.391,1.3,1.7,0.783,2,0.4,0.3,0,1,1.3,6.7
48,Lourawls Nairn,78,20.1,1,2.7,0.371,0.9,2.2,0.391,0.1,0.5,0.282,0.5,1,0.494,1.6,3.1,0.3,0.1,1,1.8,2.7
49,Zane Najdawi,43,19.9,3.5,7,0.502,3.2,6,0.531,0.4,1.1,0.34,3.1,3.8,0.815,5.3,0.5,0.9,1.7,1.4,3.3,10.5
50,Khufu Najee,54,29.1,3.4,7.8,0.437,3,6.4,0.471,0.4,1.4,0.286,1.6,2,0.809,2.9,1.6,0.8,0.2,1.8,1.9,8.9
51,Eduardo Najera,126,31.3,4.9,11.3,0.43,4.2,9,0.467,0.7,2.3,0.288,2.7,4,0.669,7.2,1.7,1.5,0.7,2.1,2.2,13.1
52,Erik Nakken,56,10.1,0.9,2.2,0.39,0.1,0.1,0.6,0.8,2.1,0.381,0.1,0.1,0.5,0.6,0.1,0.1,0.1,0.3,0.6,2.6
53,Maxx Nakwaasah,86,26.9,2.8,7.2,0.383,2,4.5,0.438,0.8,2.7,0.292,1.9,2.6,0.724,4.3,0.9,0.7,0.1,1.8,1.8,8.2
54,George Naldjieff,5,5,0.4,1,0.4,0.4,1,0.4,0,0,,0,0,,1.4,0,0,0,0.4,0.6,0.8
55,Neema Namdar,2,0.5,0,0,,0,0,,0,0,,0,1,0,0,0,0,0,0,0,0
56,Justin Namolik,104,,3.5,7.9,0.446,2.6,4.9,0.526,1,3,0.318,2.1,3.2,0.64,3.8,1.5,1,0.5,,,10.1
57,Jack Namvou,51,,0.5,1,0.453,0.4,0.7,0.514,0.1,0.3,0.313,0.4,0.5,0.783,1,0.2,0.2,0.1,,,1.4
58,Harding Nana,80,,5.9,12.9,0.458,4.6,8.9,0.514,1.4,4,0.335,3.7,5.5,0.68,9.9,1.4,1.1,1.2,,,16.9
59,Chris Nance,60,,1.6,3.8,0.427,1.6,3.8,0.427,0,0,,1,1.5,0.655,4.1,0.3,0.3,0.5,,,4.2
60,Jamaine Nance,19,,0.5,1.2,0.391,0.3,0.6,0.455,0.2,0.6,0.333,0.8,0.9,0.833,0.6,0.2,0.2,0.1,0.9,,1.9
61,Larry Nance,123,29.5,4.1,8,0.521,3.9,7,0.551,0.3,1,0.308,2.7,3.5,0.771,6.6,1.4,1.1,1.1,1.6,2.3,11.3
62,Larry Nance,117,25.3,4.7,8.9,0.533,,,,,,,2,3.2,0.628,6.7,1.5,,,,,11.5
63,Tavaris Nance,50,,2.6,5.1,0.514,2.6,4.6,0.552,0,0.4,0.095,1.5,2.7,0.579,3.2,1.5,1.5,0.4,2.5,,6.8
64,Troy Nance,113,,1.2,3.6,0.328,0.4,1.2,0.313,0.8,2.4,0.336,0.9,1.2,0.73,1.8,4,1.1,0,,,4.1
65,Michael Nanez,30,,0,0,0,0,0,0,0,0,,0,0.1,0,0.3,0.2,0.1,0,,,0
66,Keaton Nankivil,117,26.5,2.4,4.8,0.489,1.6,3,0.532,0.8,1.9,0.42,0.8,1.1,0.776,3.4,0.6,0.4,0.7,0.7,1.3,6.4
67,Bradley Nanney,2,,0,2.5,0,0,2,0,0,0.5,0,0,0,,2.5,0,0,0,,,0
68,Kevin Nanney,49,,2.6,4.8,0.532,2.6,4.8,0.532,0,0,,1.3,2.6,0.484,4.5,0.7,0.3,0.3,,,6.4
69,John Naparlo,58,,0.9,2.5,0.347,0.4,0.9,0.462,0.4,1.6,0.283,0.4,0.6,0.618,1.1,0.9,0.4,0.1,,,2.5
70,Jason Napier,10,,0.3,1.4,0.214,0.2,0.8,0.25,0.1,0.6,0.167,0.3,0.5,0.6,0.4,0,0,0,,,1
71,Shabazz Napier,143,32.3,4.2,10.1,0.411,2.3,5.3,0.444,1.8,4.8,0.375,3.6,4.4,0.813,4,4.5,1.8,0.2,2.4,2.1,13.7
72,Hilton Napoleon,73,,0.5,1.2,0.43,0.5,0.9,0.493,0.1,0.3,0.211,0.3,0.5,0.606,1.8,0.4,0.2,0.1,,,1.3
73,Steve Napper,98,,2.9,5.5,0.517,2.9,5.5,0.519,0,0,0,0.7,1.3,0.489,5.1,0.8,0.4,0.5,,,6.4
74,Nolan Narain,5,7.4,0.6,2.6,0.231,0.6,2.2,0.273,0,0.4,0,0,0,,0.6,0,0,0,0.2,0.8,1.2
75,Janko Narat,30,,5.6,10.9,0.512,4.4,7.8,0.568,1.1,3.1,0.37,5.4,6.6,0.819,6,2.6,1.1,0.1,,,17.7
76,Bryan Narcisse,102,11.7,0.9,1.9,0.464,0.7,1.3,0.545,0.2,0.6,0.283,0.4,0.7,0.6,1.5,0.4,0.4,0.3,0.5,1.2,2.4
77,Joe Nardi,20,5.5,0.3,1.3,0.192,0.2,0.2,0.75,0.1,1.1,0.091,0,0,,0.5,0.2,0.1,0,0.1,0.2,0.6
78,Kevin Nardi,52,,0.7,1.6,0.405,0.7,1.6,0.41,0,0,0,0.3,0.6,0.5,2.3,0.5,0.3,0.8,,,1.6
79,Mike Nardi,129,,3.3,8.4,0.391,1.3,3.2,0.412,1.9,5.1,0.378,1.6,2,0.826,2.2,3.3,0.9,0.1,,,10.1
80,Tyrone Nared,67,18.3,1.5,3.4,0.442,1.2,2.5,0.488,0.3,0.9,0.317,0.9,1.2,0.711,3.5,0.6,0.6,0.7,0.9,1.9,4.1
81,Mbainai Narmbaye,39,,1.2,2.9,0.417,1.2,2.9,0.417,0,0,,0.3,0.7,0.385,2.8,0,0.1,0.9,,,2.7
82,Javier Nasarre,33,6.3,0.7,1.8,0.414,0.6,1.1,0.514,0.2,0.6,0.238,0.4,0.6,0.737,1.2,0.2,0.2,0.2,0.6,0.9,2
83,Blake Nash,34,12.2,1.1,2.8,0.379,0.6,1,0.606,0.5,1.8,0.258,0.8,1,0.824,0.8,1.1,0.5,0,0.9,1.1,3.4
84,Bobby Nash,119,,3.1,7.6,0.405,1.9,4.2,0.448,1.2,3.4,0.351,1.2,1.6,0.785,2.9,1.6,0.6,0.2,1.2,,8.6
85,Bryant Nash,122,,0.5,1.6,0.347,0.5,1.2,0.406,0.1,0.4,0.17,0.4,0.7,0.605,1.5,0.3,0.2,0.3,,,1.5
86,Curtis Nash,59,,3.3,8.6,0.379,1.4,3.4,0.423,1.8,5.2,0.35,1.2,1.6,0.708,3.1,3.5,0.7,0.2,,,9.5
87,DeMarko Nash,29,10.8,0.4,2,0.211,0.1,0.9,0.111,0.3,1,0.3,0.2,0.3,0.667,0.5,1.4,0.4,0,1.2,0.8,1.3
88,Hamilton Nash,21,12.9,0.7,1.8,0.378,0.7,1.8,0.378,0,0,,0.2,0.3,0.667,1.8,0.2,0.2,0.4,0.6,1.7,1.5
89,J.S. Nash,114,,2.4,5.9,0.407,1.8,4,0.44,0.7,2,0.341,2.3,3,0.758,3,2.7,0.9,0.1,,,7.8
90,Jaron Nash,89,20.1,3.6,7.1,0.503,3.2,5.9,0.547,0.4,1.2,0.294,1.3,2.9,0.449,4.2,0.5,0.8,0.4,1.2,1.7,8.8
91,Jeremy Nash,111,34.7,1.6,4.2,0.385,1,2.2,0.481,0.6,2.1,0.284,1.1,1.4,0.774,2.6,1.6,1.2,0.3,1.1,0.9,4.9
92,John Nash,5,,0.2,1,0.2,0.2,0.8,0.25,0,0.2,0,0,0.4,0,0.2,0,0,0,,,0.4
93,Josh Nash,6,,0.7,2.3,0.286,0.3,0.8,0.4,0.3,1.5,0.222,0.2,0.3,0.5,0.7,0.5,0.2,0.2,,,1.8
94,Le'Bryan Nash,126,30.9,5,11,0.46,4.8,9.8,0.489,0.2,1.1,0.208,4.3,5.7,0.754,5.1,1.7,0.6,0.6,2.6,3,14.6
95,Michael Nash,1,,0,0,,0,0,,0,0,,0,0,,1,0,0,0,,,0
96,Shaun Nash,10,,0.9,1.7,0.529,0.9,1.5,0.6,0,0.2,0,0.3,0.4,0.75,0.4,0.5,0.3,0,,,2.1
97,Steve Nash,113,30.1,4.7,10.9,0.43,2.3,5.1,0.462,2.3,5.8,0.401,3.3,3.8,0.867,3.1,4.5,1.3,0.1,3.1,1.8,14.9
98,Tim Nash,16,,0.6,0.9,0.6,0.5,0.8,0.667,0.1,0.2,0.333,0.2,0.4,0.5,0.9,0.8,0.4,0,,,1.4
99,Tyrone Nash,118,27.6,2,3.9,0.511,2,3.9,0.512,0,0,0.333,2,3.3,0.628,4.4,1.5,0.4,0.4,1,1.5,6
100,Terry Nashif,103,,0.5,1.5,0.307,0.2,0.7,0.324,0.2,0.8,0.293,0.4,0.5,0.75,1.1,1.4,0.4,0.1,,,1.5
101,Apostolis Nasiou,100,,1.4,3.6,0.401,1.4,3.4,0.414,0,0.2,0.158,1.3,1.7,0.74,2.8,0.8,0.5,0.2,,,4.1
102,Fabio Nass,23,,0.7,1.3,0.5,0.7,1.2,0.556,0,0.1,0,0.4,0.7,0.6,2,0.4,0.3,0.3,0.6,,1.7
103,Albert Nassar,11,1,0.2,0.5,0.4,0.1,0.3,0.333,0.1,0.2,0.5,0,0,,0.5,0,0.1,0,0,0.2,0.5
104,Stefan Nastic,126,17.3,2.4,5.1,0.476,2.4,5.1,0.479,0,0.1,0.25,2.1,2.9,0.71,3.4,0.8,0.2,0.6,1.3,2.5,6.9
105,Jay Nasworthy,3,,0.7,0.7,1,1,1,1,0,0,,0,0,,0.3,0,0,0,,,1.3
106,Swen Nater,58,,2.1,4.1,0.508,,,,,,,0.7,1.2,0.623,4,,,,,,4.9
107,Andy Nath,28,,1.8,3.7,0.481,1.8,3.7,0.485,0,0,0,1.1,1.6,0.696,3.6,1.6,0.5,0.2,,,4.7
108,Dennis Nathan,21,,2,4.5,0.447,1.5,2.9,0.533,0.5,1.6,0.294,1.1,1.7,0.667,2.3,2.3,1,0,,,5.6
109,Howard Nathan,52,23.8,3.5,8.5,0.406,2.5,5.2,0.472,1,3.3,0.302,2.6,3.5,0.723,2.5,5.8,2.2,0.1,,,10.5
110,Isaiah Nathaniel,88,,0.7,1.6,0.434,0.6,1.3,0.477,0.1,0.4,0.294,0.5,0.6,0.714,1.1,0.3,0.2,0.1,,,2
111,Kevin Nathaniel,61,,1,2.8,0.375,1,2.6,0.386,0,0.2,0.2,0.8,1.4,0.57,2.4,1.4,0.9,0.1,,,2.9
112,Andre Nation,61,28.8,3.6,8.5,0.429,2.9,5.6,0.515,0.8,2.9,0.266,2.6,3.9,0.665,3.5,1.6,1.6,1.1,1.5,2.4,10.6
113,Calvin Natt,108,,9.4,16.4,0.574,,,,,,,5.1,6.7,0.761,11.9,,,,,,23.9
114,Kenny Natt,109,,3.8,7.8,0.486,,,,,,,1.6,2.1,0.774,2.4,,,,,,9.2
115,Kyryl Natyazhko,91,9.4,0.7,1.6,0.427,0.6,1.4,0.43,0.1,0.2,0.4,0.3,0.4,0.703,2,0.2,0.1,0.2,0.5,1.6,1.7
116,Mike Naudin,5,,0.2,0.2,1,0.2,0.2,1,0,0,,0.2,0.4,0.5,0.4,0,0,0,,,0.6
117,Jordan Naughton,33,11.5,1.3,1.8,0.759,1.3,1.8,0.759,0,0,,0.9,1.8,0.483,2.4,0.1,0.2,0.3,0.5,1.5,3.5
118,Hugo Naurais,67,6.8,0.5,1.4,0.344,0.4,0.9,0.435,0.1,0.5,0.161,0.1,0.3,0.353,1.6,0.1,0.2,0.2,0.5,1,1.1
119,Marquis Navarre,57,32.1,2.7,6.3,0.432,2,4.3,0.473,0.7,2,0.342,1.8,2.5,0.739,2.4,2.9,0.7,0.1,1.9,1.3,8
120,Diamond Navarro,79,,0.7,2,0.372,0.5,1.2,0.418,0.2,0.7,0.293,0.5,0.6,0.706,1.1,1.1,0.5,0.1,,,2.1
121,David Naves,15,10.5,0.7,2.3,0.286,0.5,1.9,0.276,0.1,0.4,0.333,0.1,0.3,0.5,0.9,0.3,0.3,0,1.2,0.5,1.6
122,Gus Navickas,1,13,2,2,1,2,2,1,0,0,,0,0,,4,1,0,1,2,1,4
123,Nate Navigato,42,23,2.6,6.6,0.39,0.8,1.8,0.467,1.7,4.8,0.361,1.2,1.5,0.794,3.2,1.1,0.6,0.3,1,1.9,8.1
124,Ali Nayab,53,,2.1,5.2,0.402,1.4,3,0.469,0.7,2.2,0.31,1.7,2.1,0.788,2.7,3.3,1.8,0,,,6.5
125,Jesse Nayadley,44,,0.7,1.6,0.444,0.6,1.5,0.438,0.1,0.2,0.5,0.4,0.6,0.692,1.6,0.1,0.1,0,,,2
126,Simeon Naydenov,65,,0.8,2.2,0.372,0.4,0.6,0.571,0.5,1.6,0.291,0.3,0.4,0.792,0.8,0.1,0.1,0,,,2.4
127,Anthony Naylor,8,,0.1,0.9,0.143,0.1,0.3,0.5,0,0.6,0,0.3,0.3,1,0.1,0,0.1,0,,,0.5
128,Cameron Naylor,60,24.5,3.5,7.7,0.448,3.4,7.4,0.454,0.1,0.3,0.294,1.9,2.8,0.693,5.1,0.6,0.5,0.3,1.5,2.1,8.9
129,Cameron Naylor,22,8.8,0.5,2.1,0.217,0.4,1.2,0.346,0,0.9,0.05,0.5,0.6,0.857,1,0.3,0.2,0.2,0.6,0.9,1.5
130,Josh Naylor,56,,3.7,8.9,0.415,1.2,2.8,0.423,2.5,6.1,0.411,2.2,2.4,0.919,2.5,2.6,0.7,0.1,,,12.1
131,Drew Naymick,129,,1.1,1.9,0.557,1.1,1.9,0.559,0,0,0,0.6,0.8,0.747,2.9,0.4,0.3,1,0.7,,2.7
132,Mehran Nazarian,7,2.9,0.4,1.6,0.273,0.4,0.7,0.6,0,0.9,0,0.1,0.6,0.25,0,0,0,0,0,0.6,1
133,Jonathan Nazarko,13,1,0,0.3,0,0,0.1,0,0,0.2,0,0,0,,0.1,0,0.1,0,0,0.2,0
134,Brandon Nazione,68,21,2.3,4.6,0.49,2.1,4.1,0.509,0.2,0.5,0.351,1.8,2.5,0.722,4.9,0.8,0.8,0.4,1.2,2.3,6.5
135,Eddie Ncnamara,7,,0.3,0.9,0.333,0.3,0.6,0.5,0,0.3,0,0.3,0.3,1,0.7,0.1,0,0,,,0.9
136,Dera Nd-Ezuma,96,7.8,0.8,1.6,0.49,0.8,1.5,0.493,0,0,0,0.3,0.4,0.571,1.3,0.2,0.2,0.5,0.5,1.3,1.8
137,Kevin Ndahiro,19,7.7,0.6,1.4,0.423,0.6,1.4,0.423,0,0,,0.5,0.9,0.588,2.4,0,0.1,0.6,0.8,2,1.7
138,Mamadou Ndaiye,20,6.1,0.6,1.8,0.343,0.6,1.6,0.375,0,0.2,0,0.5,0.7,0.769,1.7,0.1,0.1,0.1,0.5,0.8,1.7
139,Papa Ndao,115,12,0.9,2.4,0.389,0.3,0.6,0.5,0.6,1.8,0.351,0.3,0.4,0.75,1.8,0.6,0.3,0.3,0.7,1.5,2.8
140,Ludovic Ndaye,94,9.4,0.7,1.7,0.416,0.7,1.5,0.441,0,0.2,0.222,0.3,0.6,0.537,1.6,0.1,0.2,0.4,0.3,1.8,1.8
141,Daouda Ndiaye,12,8.8,0.6,1.3,0.438,0.6,1.3,0.438,0,0,,0.6,1.8,0.333,2.2,0.2,0,1.2,0.3,1.1,1.8
142,Khadim Ndiaye,23,1.6,0,0.2,0.2,0,0.2,0.2,0,0,,0,0,,0.1,0,0,0,0,0.1,0.1
143,Mamadou Ndiaye,86,21.7,4,5.9,0.676,4,5.9,0.677,0,0,0,2.2,4,0.546,6.4,0.4,0.2,2.5,1.9,2.7,10.2
144,Omar Ndiaye,4,1.5,0.5,1,0.5,0.3,0.3,1,0.3,0.8,0.333,0.3,0.3,1,0.5,0,0,0,0,0.3,1.5
145,Rawane Ndiaye,22,3.2,0.4,0.8,0.444,0.4,0.8,0.444,0,0,,0.2,0.4,0.5,1,0,0,0.1,0.4,0.5,0.9
146,El Hadji Ndieguene,60,26.1,2.1,4.6,0.447,2.1,4.6,0.447,0,0,,1.1,1.8,0.618,6.9,0.6,0.5,0.3,1.4,2.7,5.2
147,Sidy Ndir,28,10.9,1.2,3,0.41,0.8,1.4,0.525,0.5,1.5,0.302,1,1.3,0.75,1.5,0.7,0.1,0.1,0.7,1.1,3.9
148,Christian Bibi Ndongo,50,14.6,0.8,2.2,0.366,0.8,2,0.373,0.1,0.2,0.3,0.7,1.1,0.614,2.4,0.4,0.3,0.6,0.8,1.8,2.4
149,Franck Ndongo,47,,0.4,1.4,0.279,0.3,1,0.313,0.1,0.4,0.2,0.4,0.6,0.667,1.4,0.4,0.5,0,0.8,,1.3
150,David Ndoumba,119,20.4,1.8,3.4,0.526,1.8,3.4,0.529,0,0,0,1.5,2.5,0.616,4.7,0.5,0.3,0.8,0.8,0.8,5.1
151,Maurice Ndour,66,32.3,5.2,10.5,0.498,4.6,8.8,0.52,0.7,1.8,0.388,3.6,4.8,0.757,7.6,1.6,0.8,1.9,2.7,2.7,14.8
152,Fallou Ndoye,36,11.6,0.8,1.6,0.482,0.8,1.6,0.482,0,0,,0.3,0.6,0.5,1.7,0.2,0.2,0.2,0.8,2.3,1.8
153,Maleye Ndoye,110,,3,6.5,0.47,2.5,5.1,0.487,0.6,1.4,0.406,1.2,1.8,0.696,3.8,0.9,0.7,0.4,,,7.9
154,Youssou Ndoye,123,22.5,2.7,5.4,0.508,2.7,5.4,0.508,0,0,0,2.4,3.6,0.673,5.7,0.5,0.5,1.7,1.9,2.7,7.9
155,Ikenna Ndugba,11,30,1.7,6.5,0.264,1.5,4.2,0.37,0.2,2.4,0.077,1.1,1.4,0.8,4,4.6,1,0,2.4,2.9,4.7
156,Emmanuel Ndumanya,57,12.4,0.8,1.7,0.463,0.8,1.6,0.457,0,0,1,0.5,1.2,0.412,3.7,0.1,0.3,0.4,0.7,2.2,2.1
157,Bilaal Neal,27,,1.2,2.2,0.533,1.1,2.1,0.534,0,0.1,0.5,0.3,0.9,0.375,1.2,0.1,0.3,0.1,,,2.7
158,Chris Neal,64,,2.3,5.3,0.428,1,2.1,0.508,1.2,3.2,0.377,1.7,2.1,0.787,1.7,2.1,0.6,0.1,,,7.4
159,Craig Neal,127,24.4,2.3,5,0.454,1.4,2.7,0.543,1.1,2.8,0.388,1.4,1.8,0.763,1.6,5.2,1,0.2,2.3,2.1,6.4
160,Cullen Neal,76,25.5,3.2,8.6,0.367,1.5,4.1,0.369,1.6,4.5,0.365,2.3,3.1,0.75,2.1,2.8,0.6,0,2.5,2.6,10.2
161,D'Juan Neal,12,,0.4,0.7,0.625,0.4,0.7,0.625,0,0,,0.4,0.7,0.625,0.8,0.2,0.2,0,,,1.3
162,Darrell Neal,109,,3.2,6.7,0.476,3.2,6.4,0.489,0,0.2,0.045,1.8,2.9,0.625,6.4,0.3,0.6,1.1,,,8.2
163,Dave Neal,97,,1.5,3.6,0.426,1.1,2.4,0.457,0.5,1.2,0.367,0.6,0.7,0.761,2.2,0.3,0.4,0.1,0.6,,4.1
164,David Neal,26,,0.1,0.3,0.375,0.1,0.2,0.5,0,0.2,0.25,0.1,0.2,0.5,0.3,0.3,0.2,0,,,0.3
165,Devonte' Neal,9,6,0.3,1.1,0.3,0.3,1.1,0.3,0,0,,0.6,1.1,0.5,1.1,0.1,0,0.3,0.1,0.7,1.2
166,Elbryan Neal,48,16.9,1.7,3.9,0.436,1.7,3.8,0.448,0,0.1,0.143,1.1,2,0.573,4.4,0.8,0.6,0.8,1.9,1.1,4.6
167,Eric Neal,46,,2.7,6.4,0.422,2.3,4.5,0.5,0.4,1.9,0.233,1,1.8,0.585,4.9,0.7,0.6,0.3,,,6.9
168,Erick Neal,74,26.1,3.3,8.2,0.397,1.7,3.4,0.486,1.6,4.8,0.333,1.7,2.4,0.708,3,5.1,1.4,0.1,2.6,2.1,9.8
169,Gary Neal,106,,7,16.3,0.427,4.1,8.3,0.492,2.9,8,0.359,4.9,5.9,0.827,3.9,2.6,1.2,0.1,,,21.7
170,Jason Neal,39,,0.3,0.9,0.278,0.3,0.9,0.286,0,0,0,0.2,0.4,0.438,0.7,0.2,0,0.2,,,0.7
171,Jeffrey Neal,7,2.1,0.1,0.7,0.2,0.1,0.7,0.2,0,0,,0.6,0.9,0.667,1.4,0.1,0.1,0,0.1,0.6,0.9
172,John Neal,97,,0.7,2.1,0.342,0.1,0.2,0.25,0.6,1.8,0.354,0.1,0.2,0.647,1,0.4,0.4,0,,,2.2
173,Keith Neal,11,,0.5,2.3,0.2,0.2,1.5,0.118,0.3,0.7,0.375,0.1,0.2,0.5,0.5,0.5,0,0,,,1.3
174,Langdon Neal,6,0.7,0,0,,0,0,,0,0,,0,0,,0,0,0.2,0,0,0.7,0
175,Marcus Neal,117,33.6,2.6,6.6,0.394,1.4,3.5,0.416,1.2,3.1,0.37,1,1.4,0.712,2.7,1.4,0.4,0.1,2.2,0.4,7.3
176,Marcus Neal,59,,2.2,6.1,0.365,1.2,2.7,0.422,1.1,3.4,0.318,1.3,1.7,0.782,2.3,2.6,0.5,0.1,,,6.9
177,Mark Neal,52,,5.1,9.8,0.522,5.1,9.7,0.522,0,0,0.5,2.2,3.7,0.595,7,1.6,1.5,0.8,,,12.4
178,Michael Neal,83,,0.5,1.3,0.385,0.5,1.2,0.392,0,0,0,0.4,0.6,0.673,1.5,0.2,0.2,0,,,1.4
179,Michael Neal,79,27.5,2.9,7.6,0.379,1.8,4.5,0.404,1,3.1,0.34,2.2,3.2,0.68,2.5,3.3,1.1,0.4,2.9,2.3,8.9
180,Michael Neal,55,,3.5,8.9,0.393,1,2.3,0.444,2.5,6.6,0.375,1.7,2.1,0.816,2.6,1.8,1.1,0.1,,,11.1
181,Nathan Neal,1,,0,0,,0,0,,0,0,,0,0,,0,0,0,0,,,0
182,Sean Neal,77,,0.4,1.2,0.326,0.2,0.7,0.34,0.2,0.5,0.308,0.3,0.6,0.522,0.6,0.9,0.6,0,,,1.2
183,Shane Neal,47,,0.6,1.5,0.361,0.4,1,0.396,0.1,0.5,0.292,0.8,1.2,0.643,1,2.1,0.4,0,,,2
184,Tyler Neal,116,12.2,1.3,3.1,0.402,0.6,1.3,0.477,0.6,1.8,0.348,0.9,1.2,0.757,2.4,0.5,0.3,0.2,0.7,1.3,4
185,Willie Neal,93,,1.8,3,0.615,1.8,2.9,0.621,0,0,0,0.7,1.6,0.446,7.7,2,1,0.2,,,4.3
186,Winston Neal,24,,0.1,0.7,0.176,0.1,0.5,0.25,0,0.2,0,0,0.2,0.25,0.3,0.1,0,0,,,0.3
187,Alfred Neale,61,,3.3,7,0.474,1.7,2.7,0.632,1.6,4.3,0.375,1.4,2,0.696,4.8,1.4,0.6,0.5,,,9.6
188,Tucker Neale,59,,8.1,17.5,0.463,5.1,9.7,0.524,3,7.8,0.387,5.6,6.9,0.802,4.4,2.7,1.5,0.2,,,24.8
189,Chris Nealey,7,2.7,0,0.1,0,0,0,,0,0.1,0,0.3,0.3,1,0.1,0.1,0.4,0,0.1,0.4,0.3
190,DeAndre Nealy,13,6.5,0.4,1,0.385,0.4,1,0.385,0,0,,0.2,0.5,0.5,1.5,0.2,0.1,0,0.3,0.8,1
191,Ed Nealy,123,,4.2,8.5,0.499,,,,,,,2.2,3.1,0.7,8.7,,,,,,10.6
192,Rod Nealy,7,,0.3,0.6,0.5,0.1,0.1,1,0.1,0.4,0.333,0.9,0.9,1,1.3,0.1,0,0,,,1.6
193,Rodrick Nealy,22,,1.1,2.9,0.375,0.7,1.9,0.381,0.4,1,0.364,0.5,0.9,0.632,2.1,0.3,0.2,0,,,3.1
194,Nick Neari,7,1.6,0,0.1,0,0,0.1,0,0,0,,0.1,0.3,0.5,0.1,0.3,0,0,0.1,0,0.1
195,Tom Neary,17,2.1,0,0.1,0,0,0.1,0,0,0,,0.2,0.5,0.375,0.6,0,0,0.2,0.1,0.1,0.2
196,Joey Nebeker,10,2.8,0.3,1.4,0.214,0.2,0.6,0.333,0.1,0.8,0.125,0.4,0.6,0.667,0.7,0.2,0.1,0.2,0.4,0.1,1.1
197,Ryan Nebeker,19,,0.6,1.2,0.5,0.6,0.9,0.611,0,0.2,0,0.5,0.8,0.625,1.7,0.5,0.3,0.1,,,1.7
198,Josh Nebo,37,23.5,2.5,4.6,0.556,2.5,4.6,0.556,0,0,,1.5,2.7,0.545,5.8,0.5,0.2,1.8,1,2.4,6.5
199,Chuks Neboh,31,,1.2,2.8,0.42,1.2,2.8,0.42,0,0,,0.7,1.4,0.535,2.3,0.2,0.4,1,,,3.1
200,Sedat Necipoglu,55,,1.8,4.3,0.428,1.8,4.3,0.428,0,0,,0.4,1,0.418,3.4,0.3,0.3,0.9,,,4.1
201,Devon Neckles,86,,2.3,4.3,0.525,2.1,3.9,0.554,0.1,0.5,0.293,0.8,1.4,0.568,3.9,0.4,0.8,1.4,,,5.5
202,Valder Ned,107,,2.9,5.7,0.499,2.8,5.4,0.52,0.1,0.4,0.184,0.7,1.5,0.491,4.9,1.3,1,0.2,,,6.5
203,Andre Nedd,8,,0.4,0.4,1,0.4,0.4,1,0,0,,0,0.3,0,0.3,0.1,0,0,,,0.8
204,Ricky Nedd,27,,3.7,5.4,0.673,3.7,5.2,0.702,0,0.2,0,0.9,2.6,0.343,5.4,3,1.2,2,,,8.2
205,Kevin Nee,3,,0,0,,0,0,,0,0,,0,0.7,0,0.3,0,0,0,0.3,,0
206,Patrick Nee,2,,0,1,0,0,0,,0,1,0,1,1,1,0.5,0,0,0,,,1
207,Patrick Nee,65,,1.4,4.3,0.339,0.5,1,0.485,0.9,3.2,0.292,0.7,0.9,0.8,1.2,0.5,0.3,0,,,4.6
208,Derek Needham,131,33.9,4.8,12.5,0.382,2.6,6.1,0.438,2.1,6.5,0.331,2.6,3.6,0.725,3.1,4.1,1.5,0.1,3.3,2.7,14.3
209,Brandon Neel,5,11.6,1.2,3.8,0.316,1.2,3,0.4,0,0.8,0,0.6,0.8,0.75,1.4,0.2,0.8,0.6,0.4,0.8,3
210,Josh Neeley,54,,1.6,3.6,0.442,1.1,2.4,0.469,0.5,1.2,0.388,1,1.5,0.675,1.6,1.3,0.8,0,,,4.7
211,Barrick Neely,1,,0,0,,0,0,,0,0,,0,0,,4,0,0,0,,,0
212,Brailen Neely,10,11.6,0.6,2.1,0.286,0.3,1.1,0.273,0.3,1,0.3,0.9,1.1,0.818,1,2.3,0.8,0,0.6,0.5,2.4
213,Jaleni Neely,31,29.1,2.5,8,0.306,0.9,3.3,0.284,1.5,4.7,0.322,2.6,3.1,0.825,2.8,2.7,1,0.1,2,2.2,9
214,Jonathan Neely,62,,0.6,1.8,0.357,0.6,1.8,0.367,0,0,0,0.6,0.9,0.66,1.5,0.2,0.2,0.1,,,1.9
215,Lloyd Neely,47,6.7,0.5,1.2,0.439,0.5,1,0.449,0.1,0.2,0.375,0.3,0.5,0.522,1,0.2,0.1,0.1,0.4,1,1.4
216,Marcus Neely,57,11.9,0.7,2,0.354,0.7,1.7,0.406,0,0.3,0.059,0.4,0.7,0.61,1.8,0.5,0.3,0.3,0.5,1.2,1.9
217,Marsharee Neely,124,15.7,1.8,4.4,0.411,1.2,2.6,0.457,0.6,1.8,0.342,0.5,0.8,0.602,2,0.8,0.5,0.1,0.9,0.3,4.7
218,Scott Neely,57,,5.4,11.7,0.462,2.6,5.4,0.48,2.8,6.3,0.446,2.1,2.7,0.773,4.4,2.1,1,0.1,,,15.7
219,Zavion Neely,55,28.4,3.4,8.8,0.389,3,7.2,0.414,0.5,1.6,0.281,2.2,3,0.742,1.9,1.6,1.3,0.1,1.5,2.2,9.5
220,Mark Nees,81,,0.9,1.7,0.518,0.9,1.7,0.518,0,0,,0.5,0.8,0.642,1.9,0.1,0.1,0.3,,,2.3
221,Bruno Neeser,7,,0,0,,0,0,,0,0,,0.3,0.4,0.667,0.1,0.1,0.1,0,,,0.3
222,Jason Neeser,19,,0.4,1.2,0.304,0.2,0.6,0.364,0.2,0.6,0.25,0.1,0.1,1,0.4,0.3,0.1,0,,,1
223,Luke Neff,2,12.5,1,3,0.333,0.5,1,0.5,0.5,2,0.25,1,1,1,3,0.5,0,0,0,2,3.5
224,Thomas Neff,39,27.3,1.9,4.8,0.399,0.7,1.8,0.414,1.2,3,0.39,0.9,1.3,0.667,2.6,1.5,0.8,0.2,1.3,2.4,5.9
225,Emmanuel Negedu,43,14.4,0.7,1.5,0.492,0.7,1.4,0.517,0,0.1,0.2,1,1.5,0.692,2.6,0.3,0.3,0.4,0.5,0.4,2.6
226,Phil Negrete,15,,0.5,2.2,0.242,0.4,1.3,0.316,0.1,0.9,0.143,0.4,0.8,0.5,0.5,0.2,0.1,0.1,,,1.6
227,Jordan Negrin,11,2.5,0.2,0.5,0.4,0.2,0.4,0.5,0,0.1,0,0.1,0.3,0.333,0,0.2,0,0,0.4,0.3,0.5
228,Austin Nehls,37,34.9,3.6,9.1,0.393,1.1,2.9,0.385,2.5,6.2,0.397,2.3,2.9,0.789,3.7,1.6,0.6,0.2,1.6,2,12
229,Ghassan Nehme,34,10.9,1.4,3.6,0.388,0.5,1.3,0.364,0.9,2.3,0.403,0.4,0.5,0.833,1.6,0.6,0.4,0.1,0.7,1.8,4.1
230,Will Neighbour,86,28.6,4.1,9.2,0.449,3.1,6.4,0.484,1,2.8,0.371,3,4,0.756,6.4,1.1,1.1,1,2.5,2.3,12.3
231,Durann Neil,93,28.7,2.2,6.3,0.346,1,2.7,0.385,1.2,3.6,0.318,1.2,2.1,0.585,1.6,2.7,0.9,0,1.7,0.8,6.7
232,John Neil,58,,1.4,2.9,0.494,1.3,2.5,0.514,0.1,0.4,0.364,0.3,0.5,0.63,2,0.7,0.3,0.1,,,3.3
233,Isaac Neilson,43,12.5,2.1,3.7,0.559,1.8,2.9,0.611,0.3,0.8,0.371,1,1.6,0.629,4.1,0.4,0.4,0.6,0.7,1.9,5.5
234,Kyler Neilson,4,4.3,0.8,1.3,0.6,0.5,0.5,1,0.3,0.8,0.333,0.5,0.5,1,0.3,0.5,0.3,0,0,0.5,2.3
235,Matt Neimeier,25,,1,2,0.48,1,2,0.49,0,0,0,0.2,0.3,0.5,2.1,0.5,0.3,0.1,,,2.1
236,Casey Neimeyer,87,,1,2.1,0.451,0.7,1.5,0.481,0.2,0.6,0.382,0.5,0.8,0.62,1.5,0.2,0.1,0,0.4,,2.7
237,Bryan Neis,99,,1.2,2.9,0.394,1.2,2.9,0.399,0,0,0,0.7,1.1,0.664,2.4,0.3,0.2,0.3,,,3
238,Evan Neisler,99,18.6,1.8,4,0.454,1.8,3.9,0.458,0,0,0,1.3,1.9,0.672,4.4,0.3,0.3,0.5,1.5,0.9,4.9
239,Ross Neisler,104,,0.9,2.4,0.386,0.6,1.2,0.472,0.3,1.2,0.298,0.5,1,0.554,1.8,0.9,0.3,0.2,,,2.7
240,Drew Neitzel,138,,3.7,8.9,0.412,1.7,3.9,0.427,2,5,0.399,1.8,2.1,0.866,2,4.2,0.7,0.1,1.4,,11.1
241,Mike Nelke,117,,1.3,3.4,0.38,0.2,0.6,0.324,1.1,2.8,0.392,0.4,0.5,0.803,1.2,2.4,0.6,0,,,4.1
242,Marcus Nellems,57,,0.7,1.9,0.355,0.1,0.3,0.4,0.6,1.6,0.348,0.1,0.2,0.6,1.2,0.5,0.1,0.1,,,2
243,Brian Neller,120,22.6,2.8,8,0.345,0.6,1.3,0.452,2.2,6.7,0.325,0.3,0.5,0.672,1.5,0.7,0.7,0,0.8,1.1,8.1
244,Dan Nelms,89,7.2,0.3,0.7,0.426,0.3,0.6,0.434,0,0.1,0.375,0.1,0.3,0.276,0.9,0.3,0.1,0.1,0.2,0.3,0.7
245,Brandon Neloms,27,,0.7,2,0.345,0.2,0.6,0.375,0.5,1.4,0.333,0.1,0.3,0.5,0.7,0.1,0.2,0,,,2
246,Cedric Neloms,55,,4.1,8.7,0.469,4,8.1,0.494,0.1,0.6,0.121,4.3,6.1,0.713,4.8,0.8,0.4,0,,,12.6
247,Aaron Nelson,30,,2.5,6,0.419,2.5,6,0.419,0,0,,1.8,3.1,0.598,3.6,0.3,0.2,0.4,,,6.8
248,Anthony Nelson,125,36.3,2.7,7.2,0.378,2,4.6,0.438,0.7,2.6,0.27,3.6,5.1,0.71,4.6,5.2,1.8,0.1,2.7,1.2,9.7
249,B.J. Nelson,73,,3.6,7.5,0.487,3.6,7.4,0.49,0,0,0,1.4,2.4,0.575,6.2,0.9,0.6,0.4,,,8.7
250,Ben Nelson,36,3.9,0.1,0.5,0.294,0.1,0.5,0.294,0,0,,0.4,0.7,0.6,0.5,0.1,0.1,0.1,0.2,0.3,0.7
251,Brett Nelson,129,,3.7,9.3,0.398,1.6,3.9,0.4,2.1,5.3,0.398,1.5,1.8,0.825,2,3.1,1.5,0.3,,,11
252,Cale Nelson,106,,2.3,6.7,0.347,0.9,2.3,0.39,1.4,4.4,0.325,1.4,1.7,0.817,1.6,3.6,0.6,0,3.2,,7.5
253,Carl Nelson,59,,1,1.8,0.551,1,1.8,0.551,0,0,,0.5,1,0.475,2.1,0.3,0.3,0.5,0,,2.5
254,Chad Nelson,112,,3.1,7.3,0.423,2,4.3,0.465,1.1,3,0.362,3.7,4.6,0.8,3.3,3.7,1.6,0.1,,,10.9
255,Chad Nelson,8,,0,0.4,0,0,0.3,0,0,0.1,0,0.3,0.3,1,0.1,0,0.3,0,,,0.3
256,Charlie Nelson,75,,3.1,6.4,0.486,3.1,6.4,0.486,0,0,0.5,0.9,1.3,0.67,5.1,0.5,0.6,0.7,,,7.1
257,Courtney Nelson,70,,1.6,4.7,0.345,1,2.6,0.395,0.6,2,0.28,0.7,1.4,0.52,1.5,1.6,0.5,0,1,,4.5
258,D'Jari Nelson,29,19.7,1.5,3.2,0.467,1.2,2.3,0.522,0.3,0.9,0.32,0.6,1,0.533,2.8,0.1,0.7,0.7,1.6,3.2,3.8
259,David Nelson,26,,0.2,0.4,0.4,0.1,0.2,0.4,0.1,0.2,0.4,0,0.1,0.5,0.1,0.2,0.1,0,,,0.4
260,David Nelson,5,1.4,0,0.2,0,0,0.2,0,0,0,,0,0.4,0,0.6,0,0,0,0,0.2,0
261,David Nelson,4,1.5,0.5,0.5,1,0.5,0.5,1,0,0,,0,0,,0.3,0.3,0,0,0,0,1
262,DeMarcus Nelson,124,26.2,3.8,8.2,0.466,2.8,5.5,0.511,1,2.7,0.373,2.1,3.7,0.586,4.9,1.8,1.2,0.3,2.5,,10.8
263,Demetrius Nelson,129,,3.5,6.6,0.53,3.5,6.6,0.532,0,0,0,2.8,4,0.692,4.9,0.4,0.4,0.4,2,,9.8
264,Derick Nelson,130,28.9,4,9.1,0.438,3.3,7.1,0.464,0.7,2,0.345,3.1,4.7,0.664,6.5,1.5,1.1,0.1,2.2,0.5,11.8
265,Derrius Nelson,16,6.1,0.4,1,0.375,0.1,0.2,0.667,0.3,0.8,0.308,0.2,0.3,0.75,0.3,0.4,0.1,0,0.4,0.4,1.2
266,Diallo Nelson,28,,2.4,5.4,0.441,1.1,2.1,0.533,1.3,3.3,0.38,0.4,0.6,0.588,1.5,1.8,1.2,0.1,,,6.4
267,Dominic Nelson,39,17.9,1.2,2.3,0.511,1.2,2.3,0.511,0,0,,1.1,2.3,0.466,4.8,0.2,0.2,1,1.2,2.5,3.4
268,Don Nelson,72,,7.4,14.5,0.507,,,,,,,6.4,9.5,0.672,10.9,,,,,,21.1
269,Ed Nelson,122,,2.1,4.8,0.443,2.1,4.8,0.45,0,0.1,0,1.4,2.2,0.648,4.7,0.4,0.6,0.4,,,5.7
270,Elimu Nelson,33,,0.3,0.9,0.355,0.3,0.7,0.455,0,0.3,0.111,0.1,0.4,0.308,0.5,0.3,0.1,0.1,,,0.8
271,Erik Nelson,103,,4.4,8,0.55,4.3,7.8,0.554,0,0.1,0.25,3.1,4.8,0.646,7.7,1.2,1.3,2.7,,,11.9
272,Etienne Nelson,15,,0.1,0.5,0.286,0.1,0.4,0.333,0,0.1,0,0.1,0.3,0.2,0.2,0.1,0.1,0,,,0.3
273,Glenn Nelson,58,,1.4,3.2,0.441,0.9,1.8,0.5,0.5,1.4,0.366,1,1.1,0.918,1.2,1.2,0.5,0,1.5,,4.3
274,Greg Nelson,20,,0.5,1.1,0.409,0.2,0.4,0.571,0.3,0.8,0.333,0.4,0.4,0.875,0.2,0.3,0.1,0,,,1.5
275,Greg Nelson,21,6.1,0.4,1.4,0.31,0.1,0.3,0.333,0.3,1.1,0.304,0.6,0.7,0.857,0.7,0.1,0.1,0,0.4,0.5,1.8
276,J.T. Nelson,82,,1.3,2.3,0.55,1.3,2.3,0.55,0,0,,0.6,1.1,0.609,2.6,0.5,0.2,0.9,,,3.2
277,Jameer Nelson,125,34.5,5.6,12.4,0.454,3.8,7.4,0.514,1.8,5,0.365,3.7,4.7,0.786,4.6,5.7,2,0.1,,,16.8
278,James Nelson,76,,1.6,3.5,0.444,1.5,3.2,0.472,0,0.3,0.1,0.9,1.7,0.543,3,0.9,0.7,0.1,,,4
279,Jawan Nelson,91,11.4,1.3,3.3,0.401,1,2.3,0.443,0.3,1,0.309,0.5,0.8,0.69,1.5,0.3,0.1,0.2,1.1,1.2,3.5
280,Jerry Nelson,20,,0.6,1.6,0.355,0.6,1.6,0.355,0,0,,0.5,0.9,0.556,2.3,0.4,0.1,0.5,,,1.6
281,John Paul Nelson,87,,1.9,3.4,0.553,1.9,3.4,0.555,0,0,0,0.6,1.1,0.565,4.2,1.1,0.3,0.7,,,4.3
282,Jon Paul Nelson,2,,0,0,,0,0,,0,0,,0,0,,0,0,0,0,,,0
283,Jonathan Nelson,54,,1.3,2.6,0.507,1.3,2.6,0.507,0,0,,1.4,2.2,0.603,2.6,0.4,0.5,0.5,,,3.9
284,Jordan Nelson,54,7.1,0.7,1.8,0.364,0.2,0.4,0.458,0.5,1.4,0.333,0.1,0.2,0.778,0.4,0.3,0.1,0,0.2,0.4,1.9
285,Ken Nelson,20,,0.2,0.7,0.308,0.2,0.6,0.333,0,0.1,0,0.2,0.3,0.667,1,0.3,0.1,0.3,,,0.6
286,Kevin Nelson,9,1.9,0.1,0.2,0.5,0,0,,0.1,0.2,0.5,0,0,,0.4,0,0,0,0,0.2,0.3
287,Kevin Nelson,86,,3.4,8.5,0.399,1.4,3.5,0.402,2,5,0.397,1.4,1.8,0.779,1.9,1.3,0.8,0.1,,,10.1
288,Lawrence Nelson,116,,2,4.1,0.481,2,4.1,0.483,0,0,0,1,2.5,0.393,3.6,0.6,0.6,1.6,,,4.9
289,Leif Nelson,72,,1.5,3.1,0.482,1.5,3.1,0.482,0,0,,0.6,1,0.6,2.9,0.2,0.3,0.3,,,3.6
290,Luke Nelson,101,29.8,4.1,10.1,0.405,2.1,4.3,0.478,2,5.8,0.349,1.9,2.5,0.781,2.8,3.6,1.1,0.2,2.1,1.9,12.1
291,Marcus Nelson,118,24,1.8,3.8,0.464,1.6,3.3,0.501,0.1,0.5,0.23,0.8,1.7,0.48,3.2,2.4,1.2,0.6,1.9,0.7,4.4
292,Marquis Nelson,38,7.7,0.6,1.7,0.323,0.3,0.8,0.313,0.3,0.9,0.333,0.1,0.2,0.25,0.7,0.3,0.2,0.1,0.7,0.8,1.4
293,Matt Nelson,116,,4.5,7.7,0.586,4.5,7.7,0.587,0,0,0,2.7,4.7,0.57,6.9,1.5,0.6,0.2,2.2,,11.7
294,Matt Nelson,104,,5.7,9.3,0.616,5.7,9.3,0.616,0,0,,4.3,5.7,0.757,5.6,1.1,0.3,1.5,,,15.7
295,Matt Nelson,109,,1.6,3.8,0.427,1.6,3.8,0.427,0,0,,0.9,1.8,0.515,3,0.2,0.4,0.6,,,4.2
296,Mike Nelson,33,,4.4,9.1,0.482,2.6,4.6,0.566,1.8,4.5,0.395,1.1,1.8,0.638,4.2,2.5,0.8,0.2,1.3,,11.6
297,Monee Nelson,31,,1.2,3.1,0.385,0.5,1.3,0.341,0.7,1.8,0.418,0.5,0.7,0.714,1,0.4,0.2,0,,,3.6
298,Pat Nelson,112,14.3,0.6,1.4,0.421,0.6,1.3,0.424,0,0,0,0.3,0.6,0.493,2.4,0.3,0.2,0.5,0.6,0.6,1.4
299,Paul Nelson,99,21.8,1.2,2.4,0.504,1.2,2.4,0.504,0,0,,0.9,1.4,0.622,2.7,0.2,0.1,0.5,0.7,0.6,3.3
300,Phil Nelson,100,28.3,3.1,7.8,0.4,1.5,3.1,0.489,1.6,4.7,0.341,0.8,1.1,0.778,3,1.4,0.8,0.4,1.4,0.5,8.7
301,Randy Nelson,57,,1.2,2.5,0.472,1.2,2.5,0.476,0,0,0,0.6,1.6,0.36,3,0.6,0.4,0.3,,,2.9
302,Rarlensee Nelson,26,30.4,3.5,8.2,0.423,3.3,7.3,0.455,0.1,0.8,0.136,3,4.5,0.681,3.1,6.6,1.3,0,4,2.7,10.1
303,Reeves Nelson,68,27,4.6,7.8,0.584,4.5,7.4,0.602,0.1,0.4,0.25,2.8,4.9,0.574,7.3,1.1,0.5,0.6,2,2.2,12.1
304,Reggie Nelson,52,,2.2,4.7,0.469,2.2,4.5,0.487,0,0.3,0.154,1.2,1.7,0.709,3.6,0.5,0.2,0.3,,,5.6
305,Rico Nelson,100,,1.8,4.8,0.372,0.6,1.3,0.44,1.2,3.4,0.346,0.3,0.6,0.567,1.3,1,0.3,0.1,,,5.1
306,Robert Nelson,31,,1.1,3.2,0.333,0.6,1.8,0.333,0.5,1.4,0.333,0.5,0.7,0.714,1.7,0.4,0.4,0,,,3.1
307,Robert Nelson,2,8.5,0,0.5,0,0,0,,0,0.5,0,1,1,1,1.5,0,0,0,1,3,1
308,Roberto Nelson,124,25.9,4.4,10.2,0.425,2.9,6.4,0.456,1.4,3.9,0.374,3.9,5,0.792,2.8,2.5,0.9,0.2,2.3,2.2,14.1
309,Ryan Nelson,29,,1.8,5.1,0.356,1.4,3.3,0.417,0.4,1.8,0.245,0.7,1.2,0.528,3.8,1,1.4,0.5,,,4.8
310,Ryan Nelson,25,,1.2,3.1,0.385,0.6,1.4,0.471,0.6,1.8,0.318,0.6,0.8,0.667,1,1.4,0.4,0.1,,,3.5
311,Ryan Nelson,4,1.8,0,0,,0,0,,0,0,,0,0,,0,0,0,0,0.3,0,0
312,Sa'eed Nelson,9,37.3,6,12.7,0.474,5,9.3,0.536,1,3.3,0.3,3.9,5.9,0.66,4.3,2.8,2.9,0,2.6,2.6,16.9
313,Sam Nelson,4,,0,0.5,0,0,0.5,0,0,0,,0,0,,0,0.3,0,0,,,0
314,Shawn Nelson,29,,1.1,3.7,0.302,0.4,1,0.367,0.7,2.6,0.276,0.1,0.1,1,1.2,0.2,0.3,0,,,3
315,Spencer Nelson,120,,3.6,5.9,0.617,3.4,5.3,0.649,0.2,0.6,0.342,3.2,4.4,0.72,6.7,2.5,0.7,0.5,,,10.7
316,Tavon Nelson,28,,1,2.4,0.418,1,2.3,0.444,0,0.1,0,0.6,1.1,0.516,3,0.4,0.4,0.1,,,2.6
317,Thomas Nelson,41,,0.1,0.3,0.333,0,0.1,0.167,0.1,0.1,0.5,0.2,0.4,0.412,0.5,0.5,0.1,0,,,0.4
318,Todd Nelson,55,17.6,1.9,5.3,0.369,0.5,1.3,0.42,1.4,4,0.353,0.7,1.2,0.6,1.2,0.6,0.4,0.1,0.9,1.1,6
319,Travis Nelson,54,,1.9,3.4,0.58,1.9,3.4,0.58,0,0,,0.9,1.2,0.766,1.9,0.2,0.1,0.8,1.2,,4.8
320,Tyler Nelson,71,32.1,4.3,10,0.428,2.2,4.6,0.488,2.1,5.5,0.378,3.4,3.8,0.875,2.6,2.1,1.1,0,1.5,1.3,14
321,Tyrell Nelson,110,25.3,4.9,8.6,0.57,4.9,8.4,0.577,0.1,0.2,0.292,2.5,4,0.619,6.4,1,0.6,0.6,1.9,2.9,12.4
322,Tyrone Nelson,57,,1.3,3.5,0.37,1.1,2.9,0.389,0.2,0.6,0.273,1.4,1.9,0.721,2,2.4,0.6,0.1,,,4.2
323,Tyrone Nelson,15,,0.3,1.1,0.313,0.3,0.9,0.357,0,0.1,0,0.5,0.9,0.538,0.4,0.6,0.3,0.1,,,1.1
324,Tyrone Nelson,81,,5.4,10.6,0.513,5.4,10.4,0.52,0,0.1,0.083,4.1,6,0.689,7.9,1.6,1.4,0.6,,,15
325,Vincenzo Nelson,50,11,0.9,2.3,0.386,0.8,2,0.418,0.1,0.3,0.188,1,1.5,0.658,2,0.7,0.3,0.2,0.9,1.7,2.8
326,William Nelson,28,29.5,4.7,12.5,0.375,3.4,7.8,0.434,1.3,4.6,0.277,2.9,4.3,0.678,7.5,1,0.6,0.1,2.9,2.9,13.6
327,Zach Nelson,71,29.6,4,8.1,0.493,3.1,5.2,0.598,0.9,2.9,0.304,1.4,2.2,0.643,5.9,2.6,0.7,1,2.2,2.6,10.3
328,Zach Nelson,16,22.1,1.9,5.7,0.33,1.7,5,0.338,0.2,0.7,0.273,2.5,3.4,0.727,4.8,0.9,0.8,0.3,1.7,2.2,6.4
329,Darien Nelson-Henry,108,22.6,3.8,6.9,0.555,3.8,6.9,0.557,0,0.1,0.333,2.1,3.2,0.647,5.6,1,0.4,0.9,2.2,2.4,9.8
330,Alonzo Nelson-Ododa,125,19.3,1.6,3.6,0.436,1.3,2.6,0.498,0.3,1,0.274,1.1,1.8,0.6,4,0.7,0.5,1.7,0.9,2.1,4.4
331,Nii Nelson-Richards,58,,3.8,10.4,0.369,2.1,5.1,0.419,1.7,5.3,0.32,1.7,2.7,0.616,4.3,1.2,1.3,0.2,,,11.1
332,Ross Neltner,119,,2.2,4.5,0.481,1.9,3.8,0.5,0.3,0.7,0.379,1.3,1.7,0.732,4.2,1.5,0.6,0.4,2,,5.9
333,Ruben Nembhard,60,32.3,6.1,13.8,0.438,5.3,10.9,0.485,0.8,2.9,0.263,3.8,5.7,0.66,4.9,4,2,0.2,3.7,2.3,16.7
334,John Nemeth,79,,0.1,0.6,0.205,0.1,0.5,0.158,0,0.1,0.5,0.7,0.9,0.768,0.6,0.7,0.3,0,,,0.9
335,Brian Nemitz,63,,0.3,1.3,0.259,0.1,0.4,0.25,0.2,0.9,0.263,0.2,0.3,0.706,0.7,0.4,0.2,0,,,1.1
336,Andrew Nene,1,4,0,0,,0,0,,0,0,,0,0,,0,0,0,0,0,0,0
337,Brice Nengsu,45,,0.6,1.7,0.333,0.3,0.7,0.433,0.3,1.1,0.271,0.1,0.3,0.5,1.4,0.3,0.2,0,,,1.6
338,Tshilidzi Nephawe,136,21.9,2.6,5.1,0.519,2.6,5.1,0.52,0,0,0,2.7,4,0.671,5.7,0.5,0.3,1,1.6,3,8
339,Kyle Neptune,118,,2.5,6.3,0.4,1.6,3.7,0.44,0.9,2.6,0.342,1.7,2.6,0.64,3.9,1.2,0.7,0.3,,,7.6
340,Yavney Neptune,29,,1,2.8,0.354,0.9,2.4,0.366,0.1,0.4,0.273,0.4,1,0.367,1.8,0.7,1,0,,,2.5
341,JP Nerbun,5,,0,0.8,0,0,0.6,0,0,0.2,0,0,0,,0,0.2,0,0,,,0
342,Greg Nero,98,19.9,3.3,6.9,0.483,3.1,6.2,0.498,0.2,0.7,0.348,2.7,4.1,0.656,4.7,1,0.6,0.8,1.8,0.1,9.6
343,Jamie Nero,27,,1,2.4,0.406,0.4,1,0.393,0.6,1.3,0.417,0.2,0.4,0.455,1.3,0.1,0.1,0,,,2.7
344,Alex Nesbitt,38,3.3,0.1,0.3,0.273,0.1,0.2,0.375,0,0.1,0,0.1,0.2,0.556,0.1,0.2,0.1,0,0.1,0.4,0.3
345,Brad Nesbitt,12,,0.2,0.6,0.286,0,0.2,0,0.2,0.4,0.4,0.5,0.7,0.75,0.3,0.2,0.1,0.1,,,1
346,Elton Nesbitt,90,,6.2,15.1,0.41,3.3,7.3,0.451,2.9,7.8,0.372,3.9,4.8,0.813,3.7,3,2.2,0.1,,,19.2
347,Graham Nesbitt,5,,0.2,0.8,0.25,0,0,,0.2,0.8,0.25,0,0,,0.2,0,0.2,0,,,0.6
348,Jalen Nesbitt,66,28.6,2.8,6,0.461,2,3.8,0.52,0.8,2.2,0.359,3.2,4.3,0.746,5,2.9,1.3,0.5,2.2,1.8,9.6
349,Michael Nesbitt,5,1.6,0.4,0.8,0.5,0.4,0.6,0.667,0,0.2,0,0,0.2,0,0.6,0,0,0,0,0,0.8
350,Tyrone Nesby,65,33.2,5.8,14.9,0.389,4.4,10.2,0.427,1.4,4.7,0.307,3.1,4.4,0.715,6.4,1.5,1.4,0.6,2.1,1.3,16.2
351,Miroslav Neskovic,45,,0.9,1.9,0.471,0.9,1.8,0.47,0,0,0.5,0.4,0.7,0.613,1.4,0.4,0.3,0.1,,,2.2
352,Derek Nesland,57,,3.9,9.1,0.423,2.1,4.2,0.508,1.7,4.9,0.351,2.6,3.6,0.729,3.3,3.2,0.9,0.4,,,12.1
353,Dion Nesmith,127,28.2,3.6,8.7,0.406,2.2,5,0.448,1.3,3.8,0.351,1.9,2.5,0.756,2.8,2.6,1.2,0.1,1.8,2.9,10.3
354,Jake Ness,48,3.9,0,0.2,0.222,0,0.1,0.286,0,0,0,0.2,0.2,0.8,0.6,0.1,0.1,0.1,0.1,0.5,0.3
355,Martin Nessley,92,7.9,0.9,2,0.478,,,,,,,0.6,0.9,0.627,2.1,,0.2,0.6,0.6,1.6,2.4
356,Konstantin Nesterov,62,,1.6,3.8,0.428,1,2.3,0.41,0.7,1.5,0.457,0.7,1.1,0.612,3.6,0.7,0.4,0.7,,,4.6
357,Emanuel Neto,52,,2,4.7,0.434,2,4.7,0.434,0,0,,1.5,2.4,0.65,6.3,0.3,0.3,1.1,2,,5.6
358,Kevin Netter,120,,3.5,6.4,0.54,3.5,6.4,0.542,0,0,0,2.4,3.5,0.676,3.2,0.5,0.6,0.9,,,9.3
359,B.J. Netterville,35,,0.3,0.8,0.345,0,0.1,0.2,0.3,0.7,0.375,0,0.1,0.333,0.1,0.1,0,0,,,0.9
360,Cameron Nettles,17,,0.3,1.1,0.278,0.3,1,0.294,0,0.1,0,0.5,0.9,0.5,0.5,0.2,0.2,0,0.5,,1.1
361,Conor Neu,23,,0.1,0.4,0.222,0,0.1,0,0.1,0.3,0.286,0.1,0.3,0.5,0.5,0.2,0,0.1,,,0.4
362,Cameron Neubauer,47,15.5,1.7,3.8,0.444,0.8,1.5,0.521,0.9,2.3,0.393,0.9,1.3,0.677,2.1,0.7,0.2,0.1,0.7,2.1,5.1
363,Jacob Neubert,32,1.8,0.2,0.6,0.3,0.2,0.6,0.333,0,0.1,0,0.1,0.1,0.5,0.5,0.1,0.1,0.1,0.2,0.2,0.4
364,Graham Neuburger,21,,0,0,0,0,0,0,0,0,,0.1,0.1,1,0.2,0.3,0,0,,,0.1
365,Matt Neufeld,33,9,0.6,1.4,0.435,0.6,1.2,0.488,0,0.2,0,0.3,0.8,0.393,1.1,0.1,0.3,0.3,0.7,1.3,1.5
366,Lavar Neufville,68,17.2,1.3,3.4,0.376,1,2.4,0.42,0.3,1.1,0.278,1,1.6,0.611,1.6,2,0.8,0.1,1.3,0.8,3.9
367,Jon Neuhouser,120,,4.8,9.5,0.505,4.1,7.7,0.531,0.7,1.8,0.394,2.1,3.3,0.625,6,1.8,0.8,0.2,,,12.4
368,Jay Neukomm,40,,0.1,0.7,0.138,0.1,0.7,0.148,0,0.1,0,0.2,0.5,0.421,0.9,0.1,0.1,0.2,,,0.4
369,C.J. Neumann,129,20.6,1.5,2.9,0.525,1.5,2.8,0.532,0,0.1,0.3,1,1.4,0.667,4.2,0.6,0.5,0.2,0.8,2.1,4
370,Nick Neumann,78,,2,4.7,0.431,2,4.6,0.432,0,0.1,0.333,1,1.4,0.712,4.3,0.4,0.5,0.8,,,5.1
371,Sam Neumann,39,13.7,1.1,2.2,0.482,0.5,0.9,0.6,0.5,1.3,0.4,1,1.5,0.667,2.5,0.5,0.2,0.1,0.3,1.7,3.6
372,Durrell Nevels,56,,4.3,9,0.474,4.3,8.7,0.49,0,0.3,0.056,2.2,3.3,0.659,8.1,0.6,0.9,2.6,,,10.7
373,Garrett Nevels,63,31.3,4.6,10.4,0.44,2.9,5.9,0.485,1.7,4.5,0.379,1.2,1.5,0.768,3.8,1.5,0.8,0.4,1,2.2,12
374,Brandon Nevens,16,7.3,0.7,1.4,0.478,0.6,1.1,0.588,0.1,0.4,0.167,0.3,0.4,0.667,1.4,0.1,0.1,0,0.2,0.9,1.7
375,Canonchet Neves,31,,4.3,10.6,0.405,2,4.6,0.437,2.3,6,0.382,2.5,3.1,0.804,5.5,1.6,0.5,0.3,,,13.4
376,Luke Nevill,125,,5.5,9.5,0.579,5.5,9.5,0.579,0,0,,4.2,5.7,0.734,7.5,1.3,0.4,1.6,2.3,,15.2
377,Ben Neville,9,,0,0.7,0,0,0.2,0,0,0.4,0,0.6,0.7,0.833,0.3,0.4,0.2,0,,,0.6
378,Tyler Neville,30,,0.2,0.6,0.316,0.2,0.5,0.375,0,0.1,0,0.1,0.4,0.364,0.3,0.2,0,0,,,0.5
379,Joey Nevin,14,,0.2,1,0.214,0.1,0.2,0.667,0.1,0.8,0.091,0,0.1,0,0.4,0.3,0,0,,,0.5
380,Chuck Nevitt,90,,1.2,2.1,0.58,,,,,,,0.5,1.2,0.457,2.4,0.2,,,,,3
381,Melvin Newbern,91,28.5,5.1,10.6,0.478,4.6,9.4,0.496,0.4,1.3,0.342,2.8,3.9,0.721,3.5,4.1,,,,,13.5
382,Jeff Newberry,64,25.6,2.9,7.2,0.395,1.9,4.4,0.438,0.9,2.8,0.33,2.1,2.6,0.818,3.5,1.5,1.2,0.4,1.1,2,8.8
383,Jimmy Newberry,3,,1.3,2,0.667,1,1.3,0.75,0.3,0.7,0.5,0.7,0.7,1,1,1,0.3,0,,,3.7
384,Broderick Newbill,66,12.3,1.7,3.4,0.489,1.5,2.8,0.525,0.2,0.6,0.333,0.9,1.4,0.626,2.2,0.3,0.5,0.3,0.8,0.9,4.4
385,D.J. Newbill,131,34.7,5.5,12.4,0.448,4.5,9.4,0.485,1,3,0.337,4,5.5,0.724,5.2,2.6,1,0.2,2.6,2.7,16.1
386,Ivano Newbill,123,19.8,1.5,3,0.507,1.5,2.9,0.515,0,0,0,0.8,1.8,0.466,5.3,1,0.5,0.7,1.2,1.9,3.9
387,Ira Newble,58,20.8,3.9,7.1,0.548,3.8,6.8,0.561,0.1,0.3,0.235,1.1,1.7,0.643,6.4,0.8,0.8,0.6,,,8.9
388,Tyler Newbold,139,29.7,2.4,5.4,0.448,1,1.9,0.52,1.4,3.4,0.407,1.1,1.3,0.802,3.8,2.6,0.5,0.2,0.9,0.7,7.3
389,Vas'Shun Newborne,59,,1.4,3.5,0.388,1.2,2.7,0.451,0.1,0.8,0.17,0.4,0.7,0.558,2.5,0.6,0.5,0.2,,,3.3
390,Jade Newburn,70,,0.7,1.6,0.423,0.7,1.6,0.423,0,0,,0.6,0.8,0.774,1.9,0.3,0.3,0,,,1.9
391,Brandon Newby,92,,3.7,8.7,0.424,2.4,4.8,0.51,1.3,3.9,0.319,2.3,3.3,0.694,3.1,1.7,0.8,0.1,,,10.9
392,Jabs Newby,52,11.8,0.7,2.2,0.322,0.6,1.8,0.359,0.1,0.4,0.174,0.4,0.7,0.571,1.3,1.4,0.4,0.1,0.8,1.4,1.9
393,Martavious Newby,114,18.1,1.1,2.8,0.385,0.8,1.8,0.463,0.3,1,0.25,1.1,1.6,0.714,4,1.4,1.1,0.2,1.1,1.8,3.5
394,Terrence Newby,56,,0.4,1.1,0.365,0.1,0.5,0.233,0.3,0.6,0.485,0.1,0.3,0.412,0.4,0.6,0.1,0.1,,,1.2
395,Anthony Newell,86,,4.1,10.4,0.396,3.5,8.3,0.42,0.6,2.1,0.301,2.7,4.1,0.646,6.8,0.9,0.7,0.2,1.8,,11.6
396,Calvin Newell ,91,23.5,2.9,7.2,0.4,1.9,3.8,0.493,1,3.4,0.297,1.5,2.4,0.645,1.8,2.2,1.1,0.1,1.9,1.4,8.3
397,Chris Newell,1,,0,0,,0,0,,0,0,,0,0,,0,0,0,0,,,0
398,Fred Newell,54,2.9,0.2,0.7,0.333,0.2,0.5,0.385,0.1,0.2,0.231,0.2,0.4,0.571,0.5,0.2,0.2,0,0.2,0.3,0.8
399,Marshun Newell,65,31.3,3.9,9.9,0.393,2.4,5.9,0.416,1.5,4.1,0.36,2.6,3.6,0.717,5.2,3,1.2,0.1,2.4,2.1,11.8
400,Howard Newkirk,8,,0.4,1.3,0.3,0.4,1.3,0.3,0,0,,0.3,0.3,1,1.4,0.1,0,0,,,1
401,Josh Newkirk,79,19.7,2,4.9,0.409,1.3,3.1,0.436,0.7,1.9,0.367,0.7,1.3,0.574,1.5,2.4,0.4,0,1.3,1.9,5.5
402,Shavar Newkirk,74,23.2,2.3,6.2,0.374,1.7,4.4,0.401,0.6,1.8,0.311,2,2.9,0.708,2.3,2.6,0.8,0.1,1.5,1.2,7.2
403,Alex Newlin,20,3.4,0.3,0.7,0.429,0.2,0.4,0.571,0.1,0.4,0.286,0.1,0.1,0.5,0.5,0,0.1,0.1,0.1,0.4,0.8
404,Mike Newlin,80,,7.9,17.5,0.453,,,,,,,7.3,8.7,0.834,7.4,,,,,,23.1
405,Andy Newman,26,,2.8,7.1,0.389,1.5,3.2,0.488,1.2,4,0.311,1.3,1.6,0.805,2.3,3.7,1.7,0.2,,,8
406,Clint Newman,18,,0.1,0.3,0.333,0.1,0.3,0.333,0,0,,0.2,0.2,0.75,0.4,0.1,0.1,0,,,0.4
407,David Newman,116,,1.5,4.7,0.328,0.4,1.4,0.288,1.1,3.3,0.345,1,1.3,0.823,1.5,2.3,0.4,0,,,5.2
408,Jake Newman,29,4.3,0.2,0.4,0.462,0.1,0.3,0.5,0.1,0.2,0.4,0.1,0.3,0.4,0.4,0.3,0,0,0.2,0.4,0.6
409,James Newman,26,,0.8,1.8,0.426,0.8,1.7,0.444,0,0.1,0,0.2,0.4,0.5,1.6,0.3,0.2,0.2,,,1.7
410,Johnny Newman,122,34.5,7.6,14.4,0.532,,,,,,,4.2,5.3,0.8,5.5,1,1.2,0.7,2.2,2.8,19.5
411,Joseph Newman,33,,0.9,2.3,0.382,0.8,2,0.403,0.1,0.3,0.222,0.4,0.7,0.522,1,0.6,0.3,0.1,,,2.2
412,Karmari Newman,11,15.2,1.7,5.5,0.317,0.6,2,0.318,1.1,3.5,0.316,0.2,0.4,0.5,1.3,0.1,0.2,0.1,0.6,1,4.7
413,Malik Newman,29,27.7,3.8,9.8,0.391,1.7,4.2,0.407,2.1,5.6,0.379,1.6,2.3,0.687,2.8,2.2,0.4,0.1,1.9,1.6,11.3
414,Matt Newman,108,,4.6,9.2,0.496,4.6,9.2,0.496,0,0,,2.4,3.5,0.668,6.2,0.5,0.6,1.1,,,11.5
415,Scott Newman,32,,0.8,1.4,0.578,0.8,1.4,0.578,0,0,,0.4,0.8,0.542,2.2,0.2,0.3,0.1,,,2
416,Steve Newman,118,,1.9,4.6,0.422,1.5,3.1,0.478,0.4,1.5,0.302,0.7,1,0.759,2.8,0.9,0.6,0.5,,,5.1
417,Victor Newman,55,,2.7,6.1,0.432,2.6,5.8,0.453,0,0.4,0.1,2.5,3.4,0.73,5.1,1.3,0.8,0.2,,,7.9
418,Juwan Newmen,28,12.1,1.4,3.1,0.437,1.4,3.1,0.442,0,0,0,1.1,1.6,0.674,3.2,0.1,0.4,0.5,1.1,1.9,3.8
419,DeAngelo Newsom,56,,4.3,8.3,0.522,4.3,8.1,0.53,0,0.2,0.182,2.4,4.2,0.576,6.9,1.4,2.3,0.5,,,11.1
420,Alex Newsome,25,6.2,0.6,1.1,0.593,0.6,1.1,0.593,0,0,,0.4,0.6,0.6,1.1,0,0.1,0.2,0.5,0.6,1.6
421,Danny Newsome,14,2.9,0.4,1,0.429,0.2,0.6,0.375,0.2,0.4,0.5,0.1,0.3,0.25,0.7,0,0,0,0.2,0.5,1.1
422,Devin Newsome,39,6,0.2,0.8,0.219,0.1,0.4,0.176,0.1,0.4,0.267,0.1,0.2,0.333,0.6,0.5,0.2,0,0.3,0.4,0.5
423,Jamil Newsome,11,,0.1,0.4,0.25,0.1,0.4,0.25,0,0,,0.1,0.1,1,0.3,0.2,0.1,0,,,0.3
424,Seth Newsome,49,,0.3,1.3,0.215,0,0.2,0,0.3,1.1,0.264,0.1,0.3,0.462,0.5,0.1,0.1,0,,,1
425,Tashan Newsome,97,26.7,3.7,9.4,0.4,3.1,6.8,0.452,0.7,2.5,0.259,2.8,3.8,0.727,4.6,1.8,0.7,0.1,1.8,1.5,10.9
426,Andre Newson,57,,4.2,8.8,0.476,4.2,8.7,0.48,0,0.1,0.167,1.5,2.8,0.551,6.1,1.1,0.8,0.2,,,9.9
427,Jared Newson,83,,5.4,12.2,0.445,4.7,10.1,0.461,0.8,2.1,0.367,4.6,6.3,0.719,6.4,1.3,1.5,0.5,,,16.2
428,Keon Newson,21,,0.2,0.4,0.5,0.2,0.4,0.5,0,0,,0,0.1,0.333,0.4,0.2,0.3,0,,,0.4
429,Rodney Newson,80,,2.3,5.8,0.399,0.9,2.1,0.409,1.4,3.6,0.393,1,1.4,0.725,2.9,0.8,0.5,0.1,,,7
430,Austin Newton,61,,0.3,0.9,0.327,0.2,0.4,0.458,0.1,0.5,0.226,0.1,0.2,0.615,0.6,1,0.2,0,,,0.8
431,Charles Newton,38,3.8,0.4,0.8,0.552,0.2,0.2,0.75,0.3,0.6,0.476,0.2,0.4,0.643,0.5,0.3,0.3,0,0.4,0.7,1.3
432,Chris Newton,4,,0,0.8,0,0,0.5,0,0,0.3,0,0,0,,0.5,0,0.3,0,,,0
433,Dennis Newton,119,,2.2,4.2,0.527,2.2,4.2,0.528,0,0,0,0.6,1.1,0.563,4,0.7,0.7,1.5,,,5
434,Derick Newton,51,,4.1,8.3,0.499,3.5,6.5,0.542,0.6,1.8,0.341,3.4,4.9,0.687,5.3,1.5,0.5,0.2,,,12.2
435,Derick Newton,46,30.8,5.1,11.5,0.443,3.2,7.3,0.438,1.9,4.2,0.453,4.5,5.5,0.826,5.9,1.4,0.4,0.4,2.3,1.8,16.7
436,Derrick Newton,53,,1.9,3.6,0.518,1.9,3.5,0.532,0,0.1,0.143,1.8,3,0.624,4.5,0.9,0.5,0.3,,,5.6
437,Desjuan Newton,12,13.8,1.4,3.4,0.415,0.8,1.8,0.409,0.7,1.6,0.421,0.4,0.8,0.556,2.4,1.3,0.5,0.2,0.6,1.8,3.9
438,Greg Newton,107,,2.9,5.1,0.569,2.9,5.1,0.569,0,0,,1.8,2.9,0.61,5.1,0.4,0.6,0.9,,,7.6
439,Ja'Quan Newton,74,19.7,2.7,6,0.456,2.5,5.4,0.47,0.2,0.6,0.34,2.4,3.4,0.716,1.9,2.1,0.6,0.1,1.8,1.2,8.1
440,Jake Newton,53,14.7,1.4,4.5,0.322,0.4,1.6,0.224,1.1,2.8,0.377,0.5,0.8,0.675,1.7,0.7,0.4,0.1,0.9,1.5,4.5
441,Jeff Newton,133,,3.3,7.1,0.466,3.2,6.8,0.472,0.1,0.3,0.325,2.3,3.4,0.674,5.5,1.3,0.6,1.7,,,9
442,Justin Newton,117,22.9,0.6,1.8,0.332,0.4,1,0.44,0.2,0.8,0.2,0.5,0.8,0.602,2.7,2.6,1.2,0.1,1.6,1.9,1.8
443,Kelley Newton,65,,2.7,6.2,0.441,0.8,1.5,0.505,2,4.7,0.42,0.6,0.8,0.78,2,1.1,0.6,0.1,,,8
444,Lucas Newton,22,4.9,0.2,0.5,0.4,0,0.1,0.5,0.1,0.4,0.375,0.2,0.3,0.667,0.1,0.3,0.1,0,0.4,0.3,0.7
445,Pierre Newton,5,2,0.2,0.4,0.5,0,0,,0.2,0.4,0.5,0,0,,0.4,0.2,0,0,0,0,0.6
446,Qwandell Newton,15,3.3,0.1,1,0.133,0.1,0.3,0.4,0,0.7,0,0.1,0.1,0.5,0.7,0.1,0,0.1,0.2,0.6,0.3
447,Sean Newton,52,,1.6,4.2,0.382,1,1.9,0.51,0.6,2.3,0.274,0.6,0.9,0.688,1.1,0.2,0.3,0,,,4.4
448,Tyler Newton,64,,2.7,4.5,0.601,2.6,4.2,0.628,0.1,0.3,0.273,1.8,2.8,0.635,4,1.5,0.5,0.5,,,7.3
449,Niklas Ney,35,4.1,0.3,0.6,0.409,0.3,0.6,0.409,0,0,,0.6,0.7,0.84,0.7,0,0,0,0.3,0.7,1.1
450,Cameron Neysmith,8,1.6,0.1,0.6,0.2,0.1,0.5,0.25,0,0.1,0,0,0,,0.4,0,0,0,0,0.3,0.3
451,Tony Neysmith,81,10.9,0.4,1.1,0.396,0.4,1,0.424,0,0.1,0,0.1,0.5,0.3,1,0.8,0.4,0.1,0.9,0.6,1
452,Stuart Nezlek,11,1.6,0.3,0.6,0.429,0.3,0.6,0.429,0,0,,0.2,0.2,1,0.4,0.1,0.1,0,0.3,0.1,0.7
453,David Ng,21,,0.3,0.9,0.333,0.2,0.8,0.313,0,0.1,0.5,0.1,0.3,0.333,0.4,0.2,0,0,,,0.7
454,Guy Ngarndi,106,,1.3,2.5,0.519,1.3,2.5,0.523,0,0,0,0.8,1.2,0.633,2.8,0.2,0.4,0.7,,,3.4
455,Pat Ngongba,31,,1.5,4,0.36,1.4,3.7,0.374,0.1,0.3,0.2,1.4,2.4,0.56,4.4,0.5,0.6,0.1,,,4.3
456,Patrick Ngongba,70,,1.8,3.7,0.488,1.7,3.3,0.504,0.1,0.4,0.346,1.5,2.1,0.691,4.8,0.4,0.8,0.2,,,5.2
457,Gaby Ngoundjo,60,,0.4,1,0.367,0.4,1,0.373,0,0,0,0.3,0.4,0.64,1.3,0.1,0.2,0.3,0.5,,1
458,Achille Ngounou,46,,1.1,2.4,0.45,1,2.3,0.457,0,0.1,0.333,0.4,1,0.422,1.8,0.2,0.3,0.2,,,2.6
459,Lionel Ngounou,31,,0.2,0.8,0.25,0.2,0.7,0.273,0,0.1,0,0.3,0.6,0.444,1,0.1,0,0,,,0.6
460,Ike Ngwudo,32,7.1,0.4,1.2,0.368,0.3,0.8,0.4,0.1,0.4,0.308,0.3,0.5,0.563,1.3,0.3,0.1,0.2,0.4,1.3,1.3
461,Modibo Niakate,38,,3.6,8,0.449,1.9,4.1,0.465,1.7,3.9,0.433,2.3,2.9,0.768,3,1.2,0.8,0,,,11.2
462,Abdou Niang,41,11,0.5,2,0.247,0.3,1,0.326,0.1,0.9,0.158,0.2,0.3,0.615,1.5,0.2,0.1,0.2,0.6,1.7,1.3
463,Georges Niang,138,29.8,6.2,12.3,0.5,4.8,8.7,0.553,1.4,3.6,0.375,2.5,3.2,0.763,5.2,3.1,0.7,0.5,2.3,3.1,16.1
464,Modou Niang,47,9,0.7,1.2,0.561,0.7,1.2,0.561,0,0,,0.5,0.9,0.571,1.6,0.3,0.1,0.5,0.7,0.8,1.9
465,Mohamed Niang,32,,0.2,0.6,0.333,0.2,0.5,0.353,0,0,0,0.3,0.5,0.563,0.6,0,0.1,0.3,,,0.7
466,Moulaye Niang,71,,0.3,1,0.324,0.3,1,0.324,0,0,,0.4,0.7,0.5,1.2,0.1,0.3,0.1,,,1
467,Thierno Niang,34,14.5,1.1,3,0.356,0.7,1.8,0.4,0.4,1.2,0.293,0.4,0.7,0.583,2.1,0.9,0.6,0,1.3,1.9,2.9
468,L'Hassane Niangane,43,16.5,0.9,2,0.464,0.9,2,0.464,0,0,,0.8,1.5,0.554,4.7,0.4,0.3,1.1,1,3,2.7
469,Trent Nibholas,11,,0.3,0.5,0.5,0.3,0.5,0.5,0,0,,0.2,0.5,0.4,0.5,0,0,0,,,0.7
470,Johnathan Nicely,54,4.4,0.3,0.7,0.459,0.3,0.6,0.486,0,0,0,0.1,0.1,0.667,0.7,0,0.1,0.1,0.2,0.5,0.7
471,Eric Nichelson,82,,2.4,5.4,0.449,2.4,5.1,0.462,0.1,0.3,0.259,2.3,3,0.763,3.4,0.5,0.3,0.4,,,7.3
472,Matt Nichenko,20,4.4,0.2,0.5,0.4,0.2,0.5,0.444,0,0.1,0,0.2,0.4,0.429,0.7,0.1,0,0.1,0.5,1.4,0.6
473,Andrew Nicholas,107,27.3,4,10.6,0.382,2.4,5.8,0.425,1.6,4.8,0.33,1.4,2,0.683,3.2,1.5,1.1,0.4,1.7,2.7,11
474,Chris Nicholas,28,,0.4,1.6,0.239,0.3,1,0.286,0.1,0.6,0.167,0.9,1.4,0.658,0.8,0.5,0.2,0,,,1.8
475,Damon Nicholas,43,,1.9,4.3,0.439,1.9,4.3,0.446,0,0.1,0,0.9,2.2,0.415,4.4,0.4,0.5,0.3,,,4.7
476,Drew Nicholas,138,,3,6.6,0.454,1.7,3.4,0.512,1.3,3.2,0.394,1.6,2,0.791,2.1,2.2,0.7,0.2,,,8.8
477,J.R. Nicholas,35,,1.8,5.4,0.326,1.6,4.6,0.356,0.1,0.9,0.167,1,1.7,0.6,2.6,1.4,0.7,0.1,,,4.7
478,Josh Nicholas,57,13.1,1.1,2.3,0.485,1.1,2.3,0.488,0,0,0,0.5,0.9,0.556,3.4,0.2,0.3,1.1,0.7,2.5,2.7
479,Khary Nicholas,26,,0.7,1.3,0.515,0.7,1.3,0.515,0,0,,0.5,0.9,0.542,1.8,0.4,0.2,0.2,,,1.8
480,Malcolm Nicholas,23,,2.5,7.2,0.343,1.5,4,0.38,1,3.2,0.297,2,2.8,0.719,2.7,2.4,1,0,,,7.9
481,Nathaniel Nicholas,3,,0.3,1,0.333,0.3,0.7,0.5,0,0.3,0,0.7,0.7,1,0.7,0.3,0.3,0,,,1.3
482,Ryan Nicholas,119,25.2,3.8,8.1,0.465,3.2,6.6,0.485,0.6,1.5,0.378,2.3,3.1,0.742,7,0.9,0.5,0.2,1.5,2.5,10.4
483,Russ Nicholls,7,,0.1,1,0.143,0,0.4,0,0.1,0.6,0.25,0.1,0.3,0.5,0.1,0.3,0.3,0,,,0.6
484,Austin Nichols,20,1.9,0.1,0.3,0.167,0.1,0.1,0.5,0,0.2,0,0,0.1,0,0.2,0.2,0.1,0,0.1,0.2,0.1
485,Austin Nichols,62,25.6,4.7,8.8,0.537,4.7,8.6,0.545,0,0.2,0.182,1.5,2.6,0.584,5,0.7,0.5,2.2,1.2,1.6,11
486,Brandon Nichols,53,,0.8,2,0.425,0.7,1.3,0.507,0.2,0.7,0.257,0.2,0.3,0.625,1.3,0.3,0.1,0.1,,,2.1
487,Brian Nichols,73,,1,2.6,0.38,1,2.5,0.382,0,0,0,0.8,1.4,0.584,1.9,0.2,0.2,0.3,,,2.8
488,Bronson Nichols,44,,0.4,1.5,0.297,0.3,0.8,0.306,0.2,0.6,0.286,0.2,0.3,0.636,1,0.2,0.2,0,,,1.2
489,Darris Nichols,141,,2.4,5.2,0.451,1.5,2.8,0.516,0.9,2.4,0.375,1.4,1.8,0.786,2.2,2.8,0.9,0.2,1.1,,7
490,David Nichols,25,16.8,3.1,6.8,0.45,2.7,5.5,0.493,0.4,1.3,0.273,1.6,2,0.765,1.6,1.6,0.6,0.1,1.4,1.4,8.1
491,Demetris Nichols,123,25.8,3.8,9,0.423,2.2,4.4,0.493,1.7,4.7,0.358,1.6,2.1,0.752,4.1,1.1,1,0.8,,,10.9
492,Isaiah Nichols,9,19.8,2.2,5.4,0.408,1.7,3.8,0.441,0.6,1.7,0.333,0.4,1.7,0.267,3.1,3,1,0,2.2,2.3,5.4
493,Jamal Nichols,29,,1.2,2.8,0.45,1.2,2.5,0.472,0.1,0.3,0.25,0.9,1.4,0.675,3.3,0.2,0.6,0.8,,,3.5
494,Jarvis Nichols,27,,3.1,8.3,0.373,1.9,4.5,0.426,1.2,3.8,0.311,2.5,3,0.85,2.8,1.8,0.7,0.1,2.7,,9.9
495,Jerry Nichols,71,,1,2.8,0.347,0.5,1.1,0.418,0.5,1.7,0.3,0.5,0.8,0.552,1.2,0.6,0.4,0.1,,,2.9
496,Jerry Nichols,33,,3,7.5,0.395,1,2.2,0.432,2,5.3,0.379,1.1,1.8,0.61,2.3,0.8,0.9,0.2,,,9
497,Joe Nichols,4,,0.5,0.8,0.667,0.3,0.3,1,0.3,0.5,0.5,0,0,,1,0,0,0,,,1.3
498,Jordan Nichols,117,,1.5,2.7,0.564,1.5,2.7,0.566,0,0,0,0.9,1.3,0.66,4,0.4,0.5,0.9,1,,3.9
499,Malik Nichols,54,17.4,2.3,4.5,0.512,2.2,4,0.546,0.1,0.4,0.208,1.1,2.3,0.467,5,1.3,0.8,0.1,1.4,3.1,5.7
500,Noah Nichols,29,,0.9,2.3,0.403,0.9,2.3,0.403,0,0,,0.8,1.3,0.649,2,0.3,0.2,0.1,,,2.7
501,Shane Nichols,111,,4.1,10,0.41,1.3,3,0.435,2.8,7,0.399,2.3,2.9,0.8,1.8,1.3,0.7,0.1,1.2,,13.4
502,Travis Nichols,80,17.5,3.1,7,0.449,1.8,3.4,0.533,1.3,3.6,0.369,1.2,1.5,0.846,4,0.2,0.4,0.1,0.9,2.3,8.8
503,Tre Nichols,56,12,1.6,4.3,0.36,1.1,2.6,0.434,0.4,1.8,0.253,0.9,1.2,0.779,0.8,0.9,0.5,0,0.8,0.5,4.5
504,Andrew Nicholson,123,31.4,6.6,11.4,0.575,6.3,10.8,0.586,0.2,0.6,0.377,3.7,5.1,0.72,7.2,0.7,0.5,2,2.4,2.2,17.1
505,Byron Nicholson,48,,0.7,1.6,0.43,0.7,1.6,0.442,0,0,0,0.5,0.9,0.556,2.4,0.3,0.4,0.1,,,1.9
506,Desma Nicholson,1,5,0,1,0,0,0,,0,1,0,0,0,,2,1,0,0,0,0,0
507,Garik Nicholson,111,,2.8,7.4,0.382,2.8,7.4,0.383,0,0,0,1.5,2.4,0.639,4.8,0.6,0.8,0.5,,,7.2
508,Jeremy Nicholson,10,,0.3,0.8,0.375,0.1,0.3,0.333,0.2,0.5,0.4,0.3,0.4,0.75,1.1,0.2,0.1,0.2,,,1.1
509,Jerome Nicholson,68,,1.6,3.4,0.47,1.6,3.4,0.47,0,0,,0.7,1.5,0.467,2.9,0.1,0.2,0.2,,,3.9
510,Peyton Nicholson,6,,0.2,0.5,0.333,0.2,0.5,0.333,0,0,,0,0,,1,0,0,0.2,,,0.3
511,Rufus Nicholson,50,,1.8,4.2,0.426,1.1,2.6,0.434,0.7,1.6,0.413,0.7,1.2,0.557,3.3,0.9,0.3,0.2,,,4.9
512,Yemi Nicholson,87,,6.3,10.9,0.581,6.3,10.9,0.581,0,0,,3,4.2,0.713,8.1,0.8,0.7,2.4,,,15.7
513,Cedrick Nickelberry,15,,0.9,2.1,0.452,0.9,2.1,0.452,0,0,,0.4,1,0.4,1.4,0.2,0.4,0.1,,,2.3
514,Bryce Nickels,23,13.9,1.6,3.4,0.456,1.6,3.3,0.468,0,0.1,0,0.7,1.7,0.447,3.3,0.5,0.5,0.7,1.2,1.8,3.9
515,Jared Nickens,82,18.3,1.7,5,0.35,0.3,1,0.35,1.4,4,0.351,0.4,0.5,0.775,1.6,0.4,0.3,0.2,0.4,1.1,5.3
516,Colin Nickerson,138,21.7,1.9,4.2,0.462,1.6,3,0.54,0.3,1.1,0.259,1,1.6,0.648,2.8,1.8,1.4,0.1,1.3,1.6,5.2
517,E. Victor Nickerson,125,18.3,1.6,4.4,0.355,1.3,3.2,0.404,0.3,1.2,0.221,1.5,2.3,0.666,2.2,1.3,0.6,0.1,1.6,1.9,4.9
518,Gaylon Nickerson,59,25.6,4,9.6,0.419,3.8,8.8,0.431,0.2,0.8,0.283,1.5,2.4,0.638,4.6,2.6,0.7,0.3,2.2,2.3,9.8
519,Jason Nickerson,15,,0.5,1.3,0.4,0.5,1.3,0.421,0,0.1,0,0.5,0.9,0.538,1.1,0.3,0.4,0.2,,,1.5
520,Jon-Michael Nickerson,115,20.2,2.8,6.5,0.43,2.5,5.3,0.469,0.3,1.2,0.259,1,1.6,0.635,4.1,1.1,0.9,0.6,1.6,0.5,6.9
521,Sidney Nickleson,25,,1.3,2.9,0.438,1.3,2.9,0.444,0,0,0,0.6,1.2,0.533,3.3,0.7,0.3,0.8,,,3.2
522,Ben Nickol,6,,0.2,0.5,0.333,0.2,0.3,0.5,0,0.2,0,0,0,,0,0,0.2,0,,,0.3
523,Carl Nicks,85,7,6.5,14.5,0.449,,,,,,,3.8,5.3,0.714,3,,,,,,16.8
524,Dekyron Nicks,52,,1.9,3.9,0.475,1.2,2.5,0.492,0.6,1.4,0.446,1.6,2,0.81,2.6,3.3,1.1,0.1,2.4,,6
525,Steve Nicodemus,35,,0.3,0.6,0.409,0.1,0.2,0.714,0.1,0.4,0.267,0.3,0.4,0.692,0.4,0.1,0,0,,,0.9
526,Brandon Nicol,17,,0.1,0.3,0.2,0,0,,0.1,0.3,0.2,0.3,0.4,0.833,0.2,0.3,0,0,,,0.5
527,Spencer Nicolds,3,5,0.3,0.7,0.5,0.3,0.3,1,0,0.3,0,0,1.3,0,1,0.7,0,0.7,0,1.7,0.7
528,Zhivago Nicolls,48,,3,6.3,0.487,3,6.3,0.487,0,0,,1.9,3.6,0.535,6.4,1,1.2,0.4,,,8
529,Martin Niederer,16,,0.3,0.7,0.364,0.2,0.4,0.5,0.1,0.3,0.2,0.1,0.4,0.286,0.1,0.3,0.1,0,,,0.7
530,Ethan Niedermeyer,116,26.3,1.5,3.9,0.397,0.7,1.6,0.435,0.8,2.3,0.37,0.5,0.7,0.721,2.3,0.8,0.5,0.1,1.4,0.8,4.5
531,Doug Niedrich,14,1.1,0,0.5,0,0,0.5,0,0,0,,0,0,,0.5,0.1,0,0,0,0.1,0
532,Harrison Niego,23,4.8,0.2,0.6,0.308,0.1,0.2,0.4,0.1,0.3,0.25,0,0.1,0.333,0.7,0.3,0.3,0,0.2,0.7,0.5
533,Christian Nielsen,6,,0.3,0.8,0.4,0.2,0.3,0.5,0.2,0.5,0.333,0.5,0.7,0.75,0.8,0,0,0,,,1.3
534,David Nielsen,20,,0.7,1.4,0.519,0.7,1.2,0.583,0,0.2,0,0.8,0.9,0.833,1.2,0.4,0.4,0,,,2.2
535,Eric Nielsen,126,,3.1,5.9,0.533,2.9,5.4,0.543,0.2,0.5,0.426,1.5,2,0.729,4.5,0.8,0.4,0.6,,,7.9
536,Johannes Nielsen,9,18.4,2.2,3,0.741,2.2,3,0.741,0,0,,1.4,1.8,0.813,2,0.3,0.2,0.1,1.8,2.9,5.9
537,Jake Nielson,88,17.9,2.1,4.9,0.425,1.8,4.1,0.448,0.3,0.8,0.311,1.8,2.5,0.703,3.6,2,1.1,0.1,2.1,1.8,6.2
538,Justin Nielson,45,,1,1.8,0.549,1,1.7,0.577,0,0.1,0,0.6,0.9,0.625,1.5,0.4,0.4,0.2,,,2.6
539,Brian Nieman,39,,0.6,1.6,0.387,0.4,0.7,0.552,0.2,0.8,0.242,0.2,0.4,0.563,1.4,0.5,0.5,0.1,,,1.7
540,Bryan Nieman,16,,0.3,1.1,0.294,0.1,0.5,0.125,0.3,0.6,0.444,0.4,0.4,1,0.9,0.4,0.2,0.1,,,1.3
541,Danny Nieman,87,26.6,2,4.9,0.417,1.2,2.6,0.464,0.9,2.4,0.366,0.9,1.5,0.604,2.7,2.8,0.9,0,1.5,1.5,5.9
542,Christopher Niemann,31,5.5,0.1,0.7,0.19,0.1,0.6,0.2,0,0,0,0.1,0.1,1,1,0.1,0.1,0,0.5,1.1,0.3
543,Mike Niemi,98,,1,2.7,0.392,1,2.5,0.39,0.1,0.1,0.429,1.1,1.6,0.673,2.7,0.4,0.3,0.3,,,3.2
544,Mikko Niemi,104,,0.2,0.8,0.272,0.1,0.2,0.304,0.1,0.6,0.259,0.2,0.5,0.489,1,1,0.2,0,0.9,,0.8
545,Samuli Nieminen,8,16,1.8,3,0.583,1.6,2.6,0.619,0.1,0.4,0.333,0.9,1.4,0.636,1.8,0.4,0.5,0.3,1.6,2.5,4.5
546,Nick Niernczyk,62,25.2,3,7.6,0.397,1.3,3.1,0.432,1.7,4.5,0.372,1,1.1,0.882,2.4,1.7,0.8,0.1,0.9,2.2,8.7
547,Mike Nierva,4,1.3,0.3,0.5,0.5,0,0.3,0,0.3,0.3,1,0,0,,0.5,0.3,0,0,0.3,0,0.8
548,Travis Niesen,117,,4.3,9.3,0.46,4.1,8.8,0.469,0.1,0.5,0.296,3.1,4.3,0.718,4.6,0.9,0.6,0.2,,,11.8
549,Chris Niesz,90,,1.1,3,0.364,0.5,1.1,0.417,0.6,1.9,0.331,0.4,0.6,0.607,2,0.8,0.4,0.3,,,3.2
550,Alex Nieto,4,,0,0.3,0,0,0.3,0,0,0,,0,0,,0,0.3,0,0,,,0
551,Anthony Nieves,48,28.4,3.8,10,0.376,2.6,6.6,0.387,1.2,3.4,0.356,2.6,4,0.655,3.4,1.8,0.9,0.2,3.1,2.7,11.4
552,Enrique Nieves,19,,2.2,5.3,0.406,1.3,2.7,0.481,0.8,2.6,0.327,2.1,2.6,0.796,3,1.6,0.8,0.1,,,7.2
553,Henry Nieves,23,,0.5,1.2,0.407,0.4,1,0.391,0.1,0.2,0.5,1,1.4,0.719,1.3,1.3,0.7,0,,,2
554,Roberto Nieves,60,,2.5,6.7,0.372,1.3,3.3,0.405,1.2,3.5,0.341,0.8,1.6,0.538,3.3,1.5,0.5,0.1,,,7
555,Mark Niggli,8,,1,2.9,0.348,0.4,0.8,0.5,0.6,2.1,0.294,0.5,0.9,0.571,1.8,1.8,0.4,0.1,,,3.1
556,Adam Nigon,122,25,1.8,4.3,0.421,0.8,1.7,0.473,1,2.6,0.388,0.7,1,0.684,2.4,1.3,1,0.1,1.3,1,5.3
557,Irakli Nijaradze,89,,0.8,2,0.403,0.8,2,0.407,0,0,0.25,0.9,1.3,0.667,1.5,0.3,0.1,0.2,,,2.5
558,Antti Nikkila,125,,1.1,2.2,0.515,1.1,2.2,0.515,0,0,,0.7,1.2,0.6,2.2,0.3,0.2,0.7,,,3
559,Reed Nikko,5,14.2,2.4,3.6,0.667,2.4,3.6,0.667,0,0,,0.6,0.8,0.75,2.4,0.6,0.2,0.8,0.6,2,5.4
560,Aleksa Nikolic,43,24.3,1.8,6,0.301,1.4,4.3,0.339,0.3,1.7,0.205,0.5,0.8,0.657,4,2.9,0.9,0.1,2.5,2,4.5
561,Igor Nikolic,86,,1.7,3.8,0.447,1.3,2.7,0.492,0.4,1.1,0.337,0.7,0.9,0.728,3.2,0.4,0.4,0.6,,,4.5
562,Milos Nikolic,17,2.5,0.3,0.6,0.455,0.2,0.4,0.667,0.1,0.3,0.2,0,0.1,0,0.4,0,0.1,0.2,0.1,0.4,0.6
563,Milos Nikolic,35,,0.5,1.9,0.292,0.4,1.3,0.295,0.2,0.6,0.286,0.3,0.4,0.667,1.2,0.3,0.3,0,,,1.5
564,Zack Niland,12,,0.3,0.5,0.5,0.3,0.5,0.5,0,0,,0,0,,0.3,0.1,0,0,,,0.5
565,Mike Niles,82,29.1,5.1,10.1,0.51,,,,,,,2.1,3.6,0.569,6.1,,,,,,12.4
566,Pierre Niles,51,,0.4,1,0.415,0.4,1,0.423,0,0,0,0.2,0.7,0.353,1.5,0.1,0.2,0.2,0.2,,1.1
567,Warren Niles,136,32.7,4.9,11.7,0.422,2.8,6,0.469,2.1,5.7,0.374,2.5,3.2,0.782,3.7,1.9,1,0.2,2.1,2.1,14.6
568,Mike Nilson,109,,1,2.2,0.435,0.8,1.5,0.503,0.2,0.7,0.289,0.7,1,0.667,2.5,0.9,1,0.1,,,2.8
569,Saah Nimley,115,32.3,4.7,12.9,0.367,2.2,5.6,0.396,2.5,7.3,0.344,4.3,5.5,0.774,3.7,4.4,1,0.1,2.6,2.1,16.2
570,Bj Nimocks,60,,1,2.1,0.504,1,1.9,0.526,0,0.2,0.222,0.6,1.1,0.587,3.4,0.3,0.4,0.3,0.9,,2.7
571,Kurt Nimphius,104,22.1,3.8,6.5,0.586,,,,,,,2,3,0.677,6,,,,,,9.7
572,Damion Ninkovic,109,,3,6.8,0.434,2.5,5.3,0.466,0.5,1.6,0.325,1.4,2.3,0.611,4.7,0.6,0.5,0.2,,,7.8
573,Dayon Ninkovic,65,,1.9,3.8,0.502,1.9,3.8,0.51,0,0.1,0,1,1.5,0.673,3,0.5,0.5,0.2,,,4.9
574,Matas Niparavicius,53,,0.5,1.7,0.289,0.3,0.9,0.354,0.2,0.8,0.214,0.3,0.5,0.621,1.6,0.2,0.1,0.2,,,1.5
575,Josh Nirenberg,15,4.3,0.5,1.2,0.389,0.5,1.2,0.389,0,0,,0.1,0.3,0.4,1.5,0.1,0.1,0.1,0.5,0.9,1.1
576,Brett Nishibayashi,21,,0.6,2,0.279,0.4,1.2,0.36,0.1,0.9,0.167,0.7,1.3,0.519,0.7,2.1,1.2,0,,,2
577,Erik Nissen,29,6.3,0.7,1.7,0.429,0.7,1.6,0.426,0,0.1,0.5,0.3,0.5,0.714,1.5,0.1,0.1,0.3,0.4,1.2,1.8
578,Werner Nistler,16,4.6,0,0.5,0,0,0.3,0,0,0.3,0,0.5,0.6,0.8,0.5,0.5,0.1,0,0.6,0.4,0.5
579,Kareem Nitoto,119,31.3,2.2,6,0.365,1.5,3.9,0.393,0.7,2.1,0.315,1.9,2.6,0.733,2.6,2.6,0.7,0.2,2.2,0.9,7
580,Ahmad Nivins,126,,4.9,7.8,0.627,4.9,7.8,0.628,0,0,0,4.5,6.1,0.733,7.6,0.5,0.7,1.3,2.5,,14.2
581,Derrick Nix,139,16,2.3,4.3,0.533,2.3,4.3,0.533,0,0,,1.3,2.3,0.575,3.7,0.8,0.6,0.2,1,1.3,5.9
582,Derrick Nix,116,,3.2,8.8,0.361,1.7,4.8,0.364,1.4,4,0.358,2,2.9,0.692,2.1,3.6,1.1,0.1,,,9.8
583,Dyron Nix,113,33.1,6.3,12.3,0.515,,,,,,,3.6,5.2,0.707,8.4,,1.2,1.3,2.4,2.7,16.6
584,Gabe Nix,2,,,,,,,,0,0,,,,,0,0,0,0,,,0
585,Malachi Nix,58,15.6,0.9,3.1,0.297,0.6,2,0.296,0.3,1.2,0.299,1.6,2.2,0.731,1.2,1.4,0.8,0,1.6,1.6,3.8
586,Recus Nix,50,,0.6,1.9,0.309,0.4,1.1,0.386,0.1,0.7,0.189,0.6,0.9,0.652,1.7,0.6,0.4,0,,,1.9
587,Rozelle Nix,3,2,0,0.3,0,0,0.3,0,0,0,,0,0,,1.7,0,0,0.3,0.3,0.7,0
588,Aaron Nixon,61,,5.7,13.6,0.423,3.8,8.2,0.466,1.9,5.4,0.357,3.4,4.9,0.705,4.8,3,1.2,0.4,,,16.8
589,Dalton Nixon,27,9.7,0.7,1.7,0.426,0.6,1.1,0.586,0.1,0.7,0.167,0.5,0.5,1,1.7,0.8,0.1,0.1,0.4,1.2,2.1
590,Ed Nixon,140,23.8,1.9,4.5,0.42,1.3,2.8,0.462,0.6,1.7,0.353,1,1.3,0.728,1.9,1.3,0.8,0.2,1.1,1.3,5.4
591,Isaac Nixon,27,8.6,0.7,1.8,0.396,0.4,1,0.37,0.3,0.8,0.429,0.2,0.4,0.455,0.9,0.3,0.3,0,1,1.4,1.9
592,Khalil Nixon,5,,0.4,0.8,0.5,0.4,0.8,0.5,0,0,,0.4,0.8,0.5,1.6,0,0,0,,,1.2
593,Lee Nixon,109,,4.1,10.3,0.402,2.8,6.1,0.461,1.3,4.2,0.316,1.7,2.3,0.719,2.6,1.9,1,0.2,,,11.3
594,Norm Nixon,104,36.9,7.2,14.5,0.498,,,,,,,2.9,3.9,0.744,4,,,,,,17.4
595,Norm Nixon,66,14.2,0.9,2.6,0.343,0.6,1.7,0.364,0.3,0.9,0.305,0.3,0.4,0.607,1.4,1,0.4,0,0.9,0.4,2.3
596,Prentiss Nixon,41,18.1,1.9,5.2,0.363,0.8,2.2,0.382,1,3,0.35,1.2,1.7,0.729,1.8,1.3,0.3,0,1.1,2.1,6
597,Rashaud Nixon,76,,2.2,4.4,0.49,2.2,4.4,0.491,0,0,0,1.2,2.3,0.529,2.9,1.1,0.9,0.2,1.4,,5.5
598,Ray Nixon,112,,1.2,3,0.409,0.5,1.1,0.488,0.7,1.9,0.363,0.2,0.4,0.643,1.4,0.7,0.2,0.2,,,3.4
599,Ronnie Nixon,20,,0.8,2.1,0.381,0.8,2.1,0.39,0,0.1,0,0.5,1,0.5,2.1,0.3,0.2,0.1,,,2.1
600,Sonique Nixon,7,,3.9,7,0.551,3.9,7,0.551,0,0,,2.9,4.4,0.645,8.6,1.1,1.1,1.3,,,10.6
601,Terence Nixon,9,,0.1,0.9,0.125,0.1,0.8,0.143,0,0.1,0,0.6,1,0.556,1.1,0,0.3,0,,,0.8
602,Terrance Nixon,115,,1.7,4,0.429,1.6,3.6,0.443,0.1,0.4,0.304,0.6,0.9,0.725,2.4,0.4,0.3,0.2,,,4.2
603,Tony Nixon,110,14.5,1.5,4.1,0.358,0.7,1.7,0.411,0.8,2.4,0.319,0.6,0.9,0.604,1.8,0.5,0.3,0.1,0.6,1.2,4.3
604,Zamal Nixon,122,24.7,2.3,5.4,0.414,1.6,3.4,0.468,0.7,2.1,0.325,1.8,2.3,0.769,1.4,2.3,1.1,0.1,1.5,1,7
605,Jakub Niziol,3,6,0.7,2.3,0.286,0.3,0.3,1,0.3,2,0.167,0,0,,0.3,0,0,0,0.3,0.7,1.7
606,Ismaila Njie,17,,0.4,1.2,0.35,0.4,1.2,0.35,0,0,,0.2,0.6,0.3,1.6,0.1,0,0.2,,,1
607,Ugochukwu Njoku,64,13.5,1,2,0.485,1,2,0.488,0,0,0,0.5,1.2,0.392,3.6,0.3,0.6,1,0.6,2,2.4
608,Emmanuel Njomo,16,,0.3,2.1,0.147,0.3,1.6,0.16,0.1,0.6,0.111,0.2,0.4,0.429,0.8,0.1,0.1,0.2,,,0.9
609,Simplice Njoya,80,,1.5,3.5,0.425,1.3,3.1,0.43,0.2,0.5,0.389,1.2,1.7,0.683,3.1,0.4,0.5,0.5,,,4.3
610,Bertrand Nkali,33,8.9,0.5,0.9,0.586,0.5,0.9,0.586,0,0,,0.4,0.9,0.483,2.3,0.1,0.1,0.8,0.3,1.6,1.5
611,Fred Nkemdi,24,,0.3,0.4,0.6,0.3,0.4,0.6,0,0,,0,0,0,0.4,0.1,0,0,,,0.5
612,Akpan Nkeruwem,4,,0.3,0.5,0.5,0.3,0.5,0.5,0,0,,1,1.5,0.667,2.5,0,0.3,0.3,,,1.5
613,Lunzaya Nlandu,67,,1.2,2.6,0.472,1.2,2.4,0.488,0,0.2,0.25,0.9,1.8,0.516,3.5,0.9,0.6,0.1,,,3.5
614,Obinora Nnaji,27,,1.1,2.1,0.536,1.1,2,0.545,0,0,0,1,1.3,0.778,2.5,0.1,0.1,0.6,,,3.3
615,Obiora Nnaji,29,,1.4,2.9,0.494,1.4,2.9,0.494,0,0,,0.8,1.3,0.579,3.5,0.2,0.3,0.8,,,3.6
616,Ikechi Nnakwe,31,,0.9,1.9,0.483,0.9,1.9,0.492,0,0,0,0.4,1,0.4,2.5,0.3,0.5,0.4,,,2.3
617,Oluoma Nnamaka,111,,2.8,6,0.461,2.4,4.9,0.497,0.4,1.1,0.307,2.4,3.5,0.694,5.2,1.2,0.8,0.4,,,8.3
618,Landry Nnoko,128,20.6,2.3,4.5,0.524,2.3,4.5,0.524,0,0,,1.1,1.8,0.629,4.7,0.5,0.2,1.7,1.1,2.4,5.8
619,Greg Noack,27,7.7,0.9,1.5,0.6,0.9,1.5,0.6,0,0,,0.2,0.3,0.75,1.5,0.2,0.4,0,0.3,1.4,2
620,Trevor Noack,123,15.1,2.2,4.8,0.448,1.5,2.8,0.533,0.6,2,0.325,0.7,1,0.689,3.1,0.4,0.4,0.3,0.8,1.7,5.6
621,Joakim Noah,108,21.1,3.8,6.2,0.616,3.8,6.2,0.617,0,0,0.5,2.9,4.2,0.684,6.4,1.7,0.9,1.7,,,10.5
622,Anthony Noble,54,,0.9,2.2,0.415,0.5,1.1,0.466,0.4,1.1,0.367,0.3,0.4,0.667,1.4,0.5,0.4,0.1,,,2.5
623,Josh Noble,21,4.8,0.3,1,0.318,0.2,0.7,0.357,0.1,0.4,0.25,0.1,0.2,0.6,0.6,0.6,0.1,0,0.3,0,0.9
624,Mark Noble,16,2.2,0.2,0.6,0.333,0.1,0.4,0.333,0.1,0.2,0.333,0,0.1,0,0.3,0,0.3,0,0.2,0.4,0.4
625,Wes Noble,9,4.8,0.6,1.8,0.313,0.3,1.1,0.3,0.2,0.7,0.333,1.1,1.3,0.833,0.9,0.4,0.4,0.1,0.4,0.8,2.4
626,Jacquan Nobles,85,20.4,2.8,6.5,0.426,1.1,2.3,0.472,1.7,4.3,0.402,0.8,0.9,0.825,1.8,0.7,0.6,0,1.3,1.7,8.1
627,Jordan Nobles,38,12,0.9,2,0.434,0.8,1.7,0.469,0.1,0.3,0.25,0.5,0.9,0.606,2.3,0.2,0.4,0.3,0.3,1.8,2.3
628,Julysses Nobles,122,26.9,3,7.6,0.388,2,4.8,0.414,1,2.8,0.344,2.4,3.6,0.685,3,3.1,1.3,0.1,2.3,2.4,9.3
629,LeRoy Nobles,126,34.2,3.7,7.9,0.463,2.2,4.2,0.521,1.5,3.7,0.397,2.8,3.5,0.794,3.4,1.2,0.7,0.1,1.5,1.1,11.6
630,Jordan Noblitt,20,,1.1,3.9,0.273,0.2,0.5,0.333,0.9,3.4,0.265,0.6,0.7,0.846,0.9,0.4,0.2,0.1,,,3.6
631,Ryan Noce,10,,0.5,1.2,0.417,0.5,1.2,0.417,0,0,,0.3,0.4,0.75,1.7,0.2,0.1,0.2,,,1.3
632,M.J. Nodilo,97,,2.8,7.1,0.391,1.3,3.1,0.428,1.4,3.9,0.361,1.7,2,0.848,2,2.2,0.7,0.1,,,8.7
633,Daniel Noe,7,13.3,1.6,4.9,0.324,1,1.9,0.538,0.6,3,0.19,0.3,0.4,0.667,2.3,0.4,0.4,0.1,0.9,1,4
634,Charlie Noebel,17,1.9,0.1,0.5,0.125,0,0,,0.1,0.5,0.125,0,0,,0.2,0,0.1,0,0.2,0.3,0.2
635,Bron Noel,13,,0.4,1.1,0.357,0.4,1.1,0.357,0,0,,0.4,0.8,0.455,0.9,0,0.2,0.1,,,1.2
636,Dave Noel,90,,2.6,5.2,0.501,1.9,3.3,0.56,0.7,1.9,0.395,2.7,3.3,0.812,3.5,2.5,1,0.1,2.2,,8.6
637,David Noel,127,23.2,2.7,5.2,0.532,2.2,3.7,0.6,0.5,1.4,0.354,0.9,1.6,0.587,4.3,1.9,1.1,0.5,,,6.9
638,David Noel,26,,1.3,2.7,0.507,1,1.7,0.556,0.4,0.9,0.417,0.6,0.9,0.667,1.5,0.9,0.7,0.1,,,3.7
639,David Noel,2,,0,0.5,0,0,0,,0,0.5,0,0,0,,0.5,0,0,0,,,0
640,Greg Noel,58,,0.4,0.7,0.553,0.4,0.7,0.553,0,0,,0.2,0.3,0.563,0.8,0,0,0.2,,,0.9
641,Kaylim Noel,23,9,1.3,2.6,0.492,0.7,1.3,0.548,0.5,1.2,0.429,0.6,1.1,0.52,1.2,0.3,0.2,0.1,0.6,0.6,3.6
642,Kendell Noel,57,,2.8,6.6,0.425,2.4,5.6,0.425,0.5,1.1,0.426,2,2.9,0.667,1.4,1.6,0.6,0,,,8.1
643,Levi Noel,18,8.2,0.3,1.3,0.217,0.2,0.9,0.176,0.1,0.3,0.333,0.4,0.6,0.7,0.8,0.2,0.2,0,0.6,0.9,1.1
644,Nerlens Noel,24,31.9,4.1,6.9,0.59,4.1,6.9,0.59,0,0,,2.3,4.3,0.529,9.5,1.6,2.1,4.4,1.9,2.6,10.5
645,Torey Noel,9,20.7,1.8,5,0.356,1.2,3.3,0.367,0.6,1.7,0.333,2.2,3.7,0.606,1.6,3.7,1.6,0.3,1.7,2.3,6.3
646,Torian Noel,89,,1.1,3.5,0.325,1,2.6,0.376,0.2,0.9,0.175,0.3,0.7,0.5,1.8,0.3,0.2,0.2,,,2.8
647,Derek Noether,29,,3.7,8.2,0.454,3.7,8.2,0.454,0,0,,2.4,4.6,0.526,6.2,1.2,0.7,0.6,,,9.9
648,Ray Noiles,69,,0.8,2.4,0.35,0.3,0.6,0.432,0.6,1.7,0.319,0.3,0.5,0.588,1,0.4,0.4,0.1,,,2.5
649,Eli Nolan,29,,1.8,4.3,0.424,1.3,3,0.442,0.5,1.3,0.385,1.3,1.8,0.712,3,1,0.5,0.1,,,5.4
650,Jimmy Nolan,7,2,0.4,1.3,0.333,0.1,0.3,0.5,0.3,1,0.286,0,0,,0.3,0.4,0,0,0.4,0.1,1.1
651,Leo Nolan,23,,0.4,0.9,0.429,0.3,0.7,0.5,0,0.2,0.2,0.3,0.4,0.6,1,0.3,0.2,0,,,1.1
652,Marcus Nolan,43,,1.6,3.1,0.496,1.2,2.3,0.525,0.3,0.8,0.412,0.7,1,0.756,0.7,1.3,0.9,0.1,,,4.2
653,Nick Nolan,6,,0.2,0.5,0.333,0.2,0.3,0.5,0,0.2,0,0,0,,0.3,0.8,0,0,,,0.3
654,Norman Nolan,121,,4.5,9.2,0.487,4.5,9.2,0.489,0,0,0,1.9,3.2,0.597,6.3,0.7,0.4,0.4,,,10.9
655,Phillip Nolan,129,12.9,0.8,1.7,0.502,0.8,1.7,0.502,0,0,,0.4,0.6,0.646,2,0.2,0.2,0.4,0.5,2.2,2.1
656,Thomas Nolan,3,1,0,0.3,0,0,0,,0,0.3,0,0,0,,0.3,0,0,0,0.3,0,0
657,Belvis Noland,61,,3.7,9.4,0.397,2.2,4.7,0.469,1.5,4.7,0.324,0.9,1.4,0.591,3.9,1.3,1.8,0.3,,,9.8
658,John Paul Noland,5,,0,0.4,0,0,0,,0,0.4,0,0,0,,0.2,0,0,0,0.2,,0
659,Al Nolen,98,27,1.6,4.8,0.34,1,2.8,0.362,0.6,2,0.309,2.2,3,0.734,3,4,2.1,0.1,1.8,0.7,6.1
660,Demarkis Nolen,10,,0.7,3,0.233,0.5,1.2,0.417,0.2,1.8,0.111,0,0.3,0,0.7,0.2,0.1,0,,,1.6
661,Londrick Nolen,59,,3.6,7.5,0.474,2.7,4.9,0.557,0.8,2.6,0.321,1.2,2.1,0.595,4.4,1.6,1,0.5,,,9.2
662,Stacy Nolen,39,,2.2,5.5,0.399,1.1,2.1,0.494,1.1,3.3,0.338,0.4,0.8,0.452,2.2,0.7,1,0,,,5.8
663,Aaron Noll,19,1.4,0.1,0.1,0.5,0.1,0.1,0.5,0,0,,0.2,0.3,0.8,0.5,0,0,0,0,0.1,0.3
664,Brad Noll,30,,1.7,6.1,0.283,0.7,2.2,0.299,1.1,3.9,0.274,1.1,1.6,0.681,1.8,1.7,0.7,0,,,5.6
665,Jason Noll,8,,0.1,0.3,0.5,0.1,0.3,0.5,0,0,,0,0.1,0,0.8,0,0,0,,,0.3
666,Landers Nolley,55,,3,7,0.432,1.9,4.2,0.465,1.1,2.8,0.383,1.1,1.6,0.667,3.4,1.6,0.8,0.1,,,8.2
667,Connor Nolte,106,8.1,1.3,3.2,0.392,0.5,1.1,0.47,0.8,2.1,0.352,0.5,0.7,0.653,2.6,0.6,0.5,0.2,0.8,0.5,3.7
668,Evan Nolte,134,14,1.1,2.9,0.389,0.4,0.8,0.523,0.7,2,0.336,0.5,0.6,0.718,1.4,0.6,0.5,0.2,0.4,1.3,3.4
669,Viko Noma'aea,28,5.3,0.4,1.3,0.286,0.1,0.4,0.364,0.2,0.9,0.25,0.1,0.2,0.8,0.4,0.2,0.2,0,0.1,0.6,1.1
670,Paul Nondas,16,,0.7,1.4,0.478,0.6,1.2,0.474,0.1,0.3,0.5,0.4,0.5,0.75,1.4,0.1,0.1,0.1,,,1.9
671,Kevin Noon,7,2.4,0.1,1,0.143,0,0.1,0,0.1,0.9,0.167,0,0,,0,0.1,0,0.1,0,0,0.4
672,Bret Noonan,97,,0.9,2.8,0.318,0.2,0.4,0.415,0.7,2.4,0.3,0.2,0.3,0.857,0.8,0.4,0.1,0,,,2.8
673,Paul Noonan,130,26.7,2.6,6.2,0.424,1,1.9,0.535,1.6,4.3,0.375,1.5,1.8,0.842,2.9,1.5,0.7,0.2,1.3,1.1,8.4
674,Tom Noonan,4,2.8,0.3,1,0.25,0.3,0.5,0.5,0,0.5,0,0,0,,0.3,0.3,0,0.3,0,0.5,0.5
675,Trevor Noonan,50,16.7,1.2,3.3,0.354,0.7,1.7,0.405,0.5,1.6,0.3,0.5,0.8,0.658,2.1,1.3,0.3,0.5,1.1,1.6,3.3
676,Brian Noone,23,,0.2,0.4,0.4,0,0,0,0.2,0.4,0.444,0.1,0.1,1,0.1,0,0.1,0,,,0.6
677,Kevin Noone,20,,0.1,0.3,0.4,0,0,,0.1,0.3,0.4,0.2,0.5,0.444,0.4,0.1,0.1,0,,,0.5
678,Terry Nooner,88,,0.2,0.8,0.288,0.1,0.2,0.5,0.1,0.6,0.231,0.1,0.2,0.688,0.3,0.2,0.3,0,,,0.7
679,Ebenezer Noonoo,21,,0.2,0.9,0.222,0.2,0.8,0.235,0,0,0,0.3,0.4,0.875,0.5,0.1,0.2,0.1,0.2,,0.7
680,Mikko Noopila,120,,1.3,3.1,0.407,0.7,1.6,0.443,0.6,1.5,0.368,0.4,0.8,0.485,2.2,0.4,0.4,0.1,,,3.5
681,Jonas Norbutus,1,,0,1,0,0,1,0,0,0,,0,0,,0,2,0,0,,,0
682,Tim Nordahl,51,,1.6,3,0.545,1.6,3,0.545,0,0,,1.2,1.8,0.677,2.9,0.6,0.2,0,,,4.5
683,Jeff Nordgaard,120,29.4,6.4,11.6,0.556,6.3,11.2,0.564,0.1,0.4,0.302,2.9,4,0.741,5.8,2,0.9,0.4,2,2.2,15.9
684,Kris Nordholz,30,,0.6,1.3,0.436,0.4,0.8,0.458,0.2,0.5,0.4,0.3,0.4,0.667,0.6,0.6,0.3,0,,,1.6
685,J. Nordin,30,,1.8,3.8,0.482,1.4,2.8,0.5,0.4,1,0.433,0.4,0.7,0.55,2.7,0.2,0.3,0.4,,,4.5
686,Jon Nordin,92,,1.4,3.2,0.435,1.1,2.5,0.441,0.3,0.7,0.418,0.3,0.4,0.692,1.9,0.3,0.2,0.3,,,3.4
687,Mats Nordin,3,,0,0,,0,0,,0,0,,0,0,,0.7,0.3,0,0.7,,,0
688,Jeremy Nordman,6,5.5,0.2,1.7,0.1,0.2,0.5,0.333,0,1.2,0,0.3,0.3,1,0.2,0.5,0.3,0,0.7,0.7,0.7
689,Eric Nordrum,17,,0.5,1.8,0.3,0.4,1.1,0.333,0.2,0.7,0.25,0.4,0.6,0.7,0.9,0.2,0.2,0.2,,,1.6
690,Kyle Nordrum,1,,1,2,0.5,1,2,0.5,0,0,,0,0,,0,0,1,0,,,2
691,Ronald Nored,143,29.2,1.8,4.5,0.389,1.4,3.2,0.438,0.3,1.3,0.262,2,3.1,0.635,3.4,3.5,1.4,0,2.3,2.1,5.8
692,Kevin Noreen,94,14.8,0.8,1.5,0.536,0.7,1.2,0.595,0.1,0.3,0.296,0.7,1.2,0.642,3.2,0.7,0.4,0.3,0.6,2.4,2.4
693,Kyle Noreen,132,23,1.4,3.3,0.428,0.9,1.6,0.58,0.5,1.8,0.295,0.4,0.7,0.515,3,1.4,0.6,0.3,0.6,2,3.8
694,Marc Eddy Norelia,82,24.1,4.4,8.2,0.534,4.4,8.1,0.538,0,0.1,0.167,2.3,3.5,0.659,6.3,1,0.7,0.5,1.4,1.7,11.1
695,Julian Norfleet,126,33.1,4.5,11.1,0.406,2.6,5.5,0.475,1.9,5.7,0.339,1.8,2.5,0.721,3,3.4,1.2,0.3,2.2,2.1,12.7
696,Shaun Noriega,92,12.8,1.4,3.7,0.363,0.3,0.8,0.343,1.1,3,0.369,0.8,1,0.8,0.6,0.4,0.2,0.1,0.5,0.9,4.6
697,Daniel Norl,19,9.2,0.8,2.5,0.34,0.5,1.2,0.391,0.4,1.3,0.292,0.4,0.4,1,1,0.8,0.3,0,0.5,0.8,2.5
698,Andy Norman,15,,0.4,0.8,0.5,0.4,0.7,0.545,0,0.1,0,0.2,0.3,0.6,0.7,0.7,0.3,0,,,1
699,Art Norman,54,,3.9,9.7,0.405,2.4,5,0.482,1.5,4.6,0.323,2.1,2.8,0.752,4,1.9,1.1,0.1,,,11.4
700,Cory Norman,50,,0.5,1.5,0.316,0.1,0.3,0.467,0.3,1.2,0.279,0.2,0.3,0.8,0.6,0.4,0.2,0.1,0.6,,1.5
701,Cory Norman,22,,0.7,1.3,0.552,0.7,1.3,0.571,0,0,0,0.1,0.3,0.5,1,0.2,0.3,0,,,1.6
702,Dane Norman,20,3.9,0.5,1,0.5,0.5,0.8,0.6,0.1,0.3,0.2,0.5,0.7,0.692,1.1,0.2,0.1,0.1,0.1,0.4,1.5
703,Durrell Norman,61,21.9,2.3,4.6,0.505,2.2,4.2,0.523,0.1,0.4,0.304,1.8,2.7,0.669,4.7,0.9,0.6,0.3,1.4,2.4,6.6
704,Eric Norman,87,16.6,1.3,3.6,0.359,0.8,1.8,0.438,0.5,1.8,0.283,0.6,0.8,0.71,4.1,1,0.4,0.9,1,1.6,3.7
705,Jamal Norman,30,17.7,1.5,4.3,0.357,1.3,3.3,0.388,0.3,1,0.258,0.7,1.6,0.438,2.7,0.9,0.9,0.1,1.4,1.8,4
706,Jason Norman,105,,2.5,5.5,0.457,2,3.8,0.525,0.5,1.7,0.299,0.5,1.1,0.47,2.6,1,1,0.2,,,6
707,Ken Norman,92,28.1,6.1,10,0.609,8.2,14.2,0.581,0,0.1,0.25,3,4.1,0.736,6.9,1.4,0.8,1,1.8,1.8,15.1
708,Les Norman,6,,1.3,5.2,0.258,0.7,3,0.222,0.7,2.2,0.308,0.5,1,0.5,1.7,0.7,0.3,0.2,,,3.8
709,Luke Norman,46,10,0.5,0.9,0.525,0.2,0.2,0.7,0.3,0.7,0.467,0.2,0.2,0.636,0.8,0.5,0.2,0,0.3,0.8,1.4
710,Sebastian Norman,69,6.9,0.4,1.1,0.392,0.4,1.1,0.397,0,0,0,0.4,0.6,0.659,1.4,0.1,0.1,0.3,0.3,1,1.3
711,Tony Norman,6,,0.2,0.3,0.5,0.2,0.3,0.5,0,0,,0,0.3,0,0.2,0,0,0.2,,,0.3
712,Tyler Norman,14,2.6,0.1,0.4,0.333,0.1,0.3,0.5,0,0.1,0,0,0.1,0,0.4,0,0.3,0.1,0.4,0.1,0.3
713,Wade Norman,10,0.8,0.1,0.2,0.5,0,0,,0.1,0.2,0.5,0,0,,0.1,0.2,0.1,0,0.1,0.1,0.3
714,Will Norman,8,1.6,0.1,0.1,1,0.1,0.1,1,0,0,,0,0.1,0,0.4,0,0,0.1,0.1,0.3,0.3
715,Matt Normand,53,,0.8,2.7,0.303,0.5,1.8,0.29,0.3,0.9,0.327,0.4,0.7,0.622,1.5,0.5,0.4,0,,,2.4
716,(unknown) Norris,2,,0,0,,0,0,,0,0,,0,0,,0,0,0,0,,,0
717,Audie Norris,112,33,6,10.8,0.559,,,,,,,4,6.1,0.658,10.6,,,,,,16.1
718,Casey Norris,7,6.7,0.1,0.7,0.2,0,0,,0.1,0.7,0.2,0.3,0.6,0.5,0.4,0.9,0.9,0.1,0.9,1,0.7
719,Chris Norris,4,,0.5,1,0.5,0.5,1,0.5,0,0,,0.3,0.5,0.5,0.8,0.3,0.5,0,,,1.3
720,Darian Norris,96,29.5,2.4,6.1,0.395,1.5,3.4,0.454,0.9,2.7,0.32,1.5,2.1,0.751,2,1.9,1,0,1.6,1.1,7.2
721,David Norris,4,10.5,1.3,3.5,0.357,1,2.5,0.4,0.3,1,0.25,0,0,,1.3,0.5,0.8,0.3,0.3,1.3,2.8
722,Etienne Norris,4,,0.3,0.3,1,0.3,0.3,1,0,0,,0,0,,0.5,0.5,0,0,,,0.5
723,George Norris,53,,3.2,7.1,0.452,2.8,5.8,0.479,0.4,1.3,0.333,1.8,2.7,0.655,4.5,0.8,1,1.1,,,8.7
724,James Norris,29,,1.2,3.1,0.396,1.2,3,0.407,0,0.2,0.2,1.1,1.9,0.593,3.5,0.6,0.6,0.3,,,3.6
725,Kevin Norris,113,,2.2,6.6,0.332,1,3,0.336,1.2,3.6,0.329,1.7,2.2,0.782,3,4.4,1.8,0,,,7.3
726,Leland Norris,90,,2.3,5.3,0.431,1,2,0.5,1.3,3.3,0.39,0.7,1,0.73,1.5,1.6,0.8,0.1,,,6.6
727,Marcus Norris,58,,4.6,11.2,0.413,2.9,6.1,0.476,1.7,5.1,0.337,1.8,2.8,0.658,3,2.7,2,0.1,,,12.8
728,Moochie Norris,29,34.8,4.3,10.8,0.397,2.3,5.2,0.444,2,5.6,0.354,2,2.9,0.699,4,4.9,1.8,0,2.6,1.9,12.5
729,Nicos Norris,24,10.5,0.8,2.3,0.321,0.3,0.6,0.429,0.5,1.8,0.286,0.5,0.7,0.813,0.4,0.6,0.5,0,0.8,1,2.5
730,Riley Norris,74,24.3,2,5.4,0.373,0.9,2.4,0.388,1.1,3,0.362,1.1,1.8,0.654,4.6,0.7,0.7,0.2,1,2.1,6.3
731,Rob Norris,55,,2.9,7.4,0.384,1.3,2.9,0.426,1.6,4.5,0.356,1.2,1.7,0.707,2.4,2.1,1,0.2,,,8.5
732,Sylvester Norris,24,,4,7.4,0.539,,,,,,,1.5,3,0.514,11.6,,,,,,9.5
733,T.J. Norris,1,,,1,,,0,,0,1,0,,,,0,0,0,0,,,0
734,Travis Norris,56,,0.8,2.2,0.385,0.7,1.7,0.398,0.2,0.5,0.345,0.4,0.7,0.595,1.1,1,0.5,0,,,2.3
735,Trey Norris,125,23.7,1.9,4.5,0.434,1.4,3,0.47,0.5,1.4,0.359,1.2,1.6,0.756,1.7,3,0.9,0,1.5,2,5.6
736,Troy Norris,5,2.2,0,0.2,0,0,0.2,0,0,0,,0,0.4,0,0,0.4,0.2,0,0.4,0,0
737,Wesley Norris,47,,0.5,1.8,0.265,0.3,0.8,0.333,0.2,1,0.213,0.2,0.3,0.5,1,1,0.6,0,,,1.3
738,Jared Norsworthy,48,12.5,0.9,2.4,0.398,0.7,1.6,0.453,0.2,0.8,0.289,0.9,1.5,0.568,1.6,0.3,0.6,0.1,0.8,1.3,3
739,Deontae North,36,14.3,1.4,4,0.359,0.9,2.1,0.421,0.6,1.9,0.29,1.2,1.6,0.75,1.9,0.6,0.7,0.2,1.3,1.4,4.6
740,Floyd North,71,,2.1,4.7,0.435,1.5,3.1,0.471,0.6,1.6,0.363,1.1,1.5,0.741,2.9,1.5,0.5,0.1,,,5.8
741,Bryant Northern,94,,1.5,4.5,0.338,0.5,1.4,0.37,1,3.2,0.324,0.6,0.8,0.703,1.4,1.4,0.3,0.1,,,4.6
742,Daniel Northern,113,,3.3,7.2,0.466,3.3,7.1,0.468,0,0.1,0.333,2.8,4.6,0.607,6.5,0.5,0.7,1.9,2,,9.5
743,Jon Norton,27,,3.4,8.6,0.399,2.8,6.4,0.436,0.7,2.3,0.295,2.8,4.6,0.608,5.9,1.2,0.6,0.4,,,10.4
744,Mike Norton,8,,0,0.5,0,0,0.3,0,0,0.3,0,0.1,0.4,0.333,0.1,0,0.1,0,,,0.1
745,Nick Norton,68,27,2.3,5.8,0.401,0.6,1.2,0.494,1.7,4.6,0.377,1.5,1.8,0.854,2.3,4.4,1.5,0,1.7,1.5,7.9
746,Sam Norton,11,1.5,0,0.4,0,0,0.2,0,0,0.2,0,0,0,,0.1,0.1,0.4,0,0,0.3,0
747,Steve Norton,55,,0.6,1.3,0.471,0.5,1.2,0.438,0.1,0.1,0.833,0.3,0.7,0.421,1.5,0.2,0.1,0.2,,,1.6
748,Ed Norvell,113,,2.9,7.7,0.374,2,4.9,0.407,0.9,2.8,0.317,2.9,4.2,0.676,3.5,5.3,1.6,0,,,9.5
749,Zachary Norvell,24,,3.7,8.9,0.411,3,6.5,0.452,0.7,2.4,0.298,3.4,4.9,0.686,3.5,1.7,1.2,0,,,11.4
750,Zack Norvell,85,,2.1,5.1,0.418,2,4.5,0.44,0.1,0.6,0.245,1.4,2.3,0.608,2.8,1.4,0.9,0.1,,,5.8
751,Inus Norville,122,,1.5,3,0.496,1.5,2.9,0.5,0,0.1,0.286,1.2,2,0.609,3.1,0.2,0.3,0.9,,,4.2
752,Attarius Norwood,87,,5.7,14.2,0.399,3.6,8.4,0.421,2.1,5.8,0.368,2,2.6,0.755,5.1,0.7,0.9,0.8,,,15.5
753,Corey Norwood,37,,1.8,5.5,0.333,1.3,3.8,0.34,0.5,1.7,0.317,1.1,1.2,0.848,2.1,0.8,0.6,0.1,,,5.3
754,Gabe Norwood,126,,1.3,3.1,0.429,1.1,2.4,0.459,0.2,0.7,0.326,0.6,0.9,0.647,2.2,1.8,0.9,0.4,,,3.5
755,Jordan Norwood,4,,0,0,,0,0,,0,0,,0,0,,0.3,0.3,0,0,,,0
756,Levi Norwood,1,2,0,0,,0,0,,0,0,,1,2,0.5,0,0,0,0,0,0,1
757,Michael Norwood,43,,0.7,2.2,0.319,0.7,2.2,0.323,0,0,0,0.2,0.3,0.6,1.7,0.2,0.2,0.1,,,1.6
758,Sollie Norwood,108,,2.9,7.7,0.376,1.1,2.7,0.408,1.8,5,0.358,1.9,2.6,0.74,2.5,0.9,0.9,0,1.7,,9.5
759,Lee Nosse,117,,3.2,6.4,0.503,2.8,5.2,0.537,0.4,1.2,0.355,2.2,2.7,0.819,4.9,1.2,0.8,1.4,,,9
760,Duane Notice,109,27.8,3.3,8.6,0.384,1.8,4.6,0.389,1.5,4.1,0.379,2.1,2.9,0.731,2.6,2.7,0.8,0.1,1.8,1.8,10.3
761,Bryant Notree,121,,3.2,7.5,0.433,2.8,6.1,0.457,0.4,1.4,0.327,1.9,3,0.635,4.6,1.1,0.8,0.1,,,8.8
762,Eric Nottage,41,22.1,2,4.4,0.444,1,1.9,0.506,1,2.5,0.396,1.2,1.7,0.721,3.8,2.5,0.7,0,1.9,2.3,6.1
763,Gary Nottingham,26,,3.5,5.7,0.612,3.5,5.7,0.612,0,0,,2.3,4.2,0.541,5.8,1.1,1.1,1,,,9.2
764,Omar Noureddine,37,,0.3,1.2,0.217,0.3,1.2,0.222,0,0,0,0.1,0.4,0.385,0.8,0,0.1,0.1,,,0.7
765,Logan Nourse,14,1.6,0,0.5,0,0,0.1,0,0,0.4,0,0.1,0.1,0.5,0.2,0.2,0.1,0,0.1,0.1,0.1
766,Daniel Novak,61,,2.5,6.2,0.402,0.9,2.4,0.372,1.6,3.9,0.419,1,1.4,0.694,4,1.9,0.7,0.3,,,7.6
767,Steve Novak,126,27,3.8,8.4,0.456,1,2.3,0.443,2.8,6.1,0.461,1.9,2.1,0.931,4.2,1,0.5,0.1,,,12.4
768,Zack Novak,134,34,2.6,6.5,0.403,1,2.1,0.491,1.6,4.4,0.36,1.2,1.6,0.78,4.5,1.6,0.7,0.1,0.9,2,8.1
769,Aleksa Novakovic,8,3.3,0.1,1.4,0.091,0,0.3,0,0.1,1.1,0.111,0.3,0.4,0.667,0.9,0.5,0,0,0.5,0.1,0.6
770,Nikola Novakovic,58,,2.3,5.1,0.454,2.3,5.1,0.454,0,0,0.5,1.2,2.2,0.548,3.6,0.4,0.5,0.2,,,5.8
771,Tom Novick,2,,0,0,,0,0,,0,0,,0,0,,0,0,0,0,,,0
772,Brian Novitsky,1,,1,1,1,1,1,1,0,0,,0,0,,1,0,0,0,,,2
773,Scott Novosel,15,,0.1,0.3,0.2,0,0.1,0,0.1,0.2,0.333,0.1,0.1,0.5,0.2,0.2,0.1,0,,,0.3
774,Paul Nowak,1,,0,0,,0,0,,0,0,,0,0,,0,0,0,0,,,0
775,Craig Nowels,45,,3.3,7.8,0.43,3.2,7.5,0.431,0.1,0.2,0.4,2.2,4.3,0.513,5.1,0.9,0.9,0.6,,,9
776,Filip Nowicki,40,10.8,1.2,2.2,0.557,1.2,2.2,0.557,0,0,,0.2,0.4,0.529,2.7,0.2,0.1,0.3,0.9,1.6,2.7
777,Matt Nowlin,36,,3.2,9.4,0.341,0.5,1.9,0.275,2.7,7.5,0.358,0.8,1,0.778,2.1,1.1,0.6,0.2,,,9.9
778,Mike Noyes,9,1.4,0.2,0.4,0.5,0.2,0.4,0.5,0,0,,0,0,,0.1,0,0,0,0.1,0.2,0.4
779,Hector Noyola,20,,0.3,1.4,0.179,0.2,0.6,0.25,0.1,0.8,0.125,0.6,0.7,0.786,0.3,0.2,0.1,0,,,1.2
780,Erick Nsangou,54,,2.2,5,0.446,2,4.3,0.462,0.2,0.7,0.351,1.2,1.9,0.629,2.6,1.6,0.8,0,2.2,,5.9
781,Chris Nsenki,78,10.2,0.6,2.1,0.28,0.3,1,0.32,0.3,1.1,0.247,0.2,0.2,0.8,0.4,0.7,0.2,0.1,0.7,0.8,1.6
782,Uche Nsonwu-Amadi,88,,4.3,7.8,0.554,4.3,7.8,0.558,0,0,0,3.3,5.2,0.627,8.7,0.9,0.7,1,,,12
783,Rob Ntiamoah,1,,0,1,0,0,0,,0,1,0,0,0,,0,2,0,0,,,0
784,John Ntoko,99,7.7,0.4,1.3,0.344,0.3,0.6,0.475,0.2,0.7,0.227,0.2,0.3,0.559,1.2,0.3,0.2,0.1,0.4,0.3,1.2
785,Jon Nubine,30,,2.5,5.8,0.434,1.6,3.2,0.51,0.9,2.6,0.342,0.6,1.1,0.515,2.7,1,0.4,0.1,,,6.5
786,Brad Nuckles,131,,2.7,5.5,0.493,2.4,4.4,0.551,0.3,1.2,0.282,1.8,2.8,0.658,6,0.9,0.7,1.2,,,7.6
787,Quincy Nuckles,69,,2,5.2,0.389,1.3,3,0.444,0.7,2.2,0.316,0.6,1,0.574,1.4,0.9,0.5,0.1,,,5.3
788,Kyle Nugent,2,1,0,0,,0,0,,0,0,,0,0,,0,0,0,0,0,0,0
789,Auraum Nuiriankh,99,15.4,1,3.2,0.323,0.5,1.3,0.409,0.5,1.9,0.263,0.7,1,0.725,2.7,1,0.3,0.2,1.1,1.9,3.3
790,Iggy Nujic,72,17,1.8,4.6,0.402,1.3,3,0.447,0.5,1.6,0.319,1.2,1.7,0.733,2.6,0.7,0.4,0.2,1.2,2,5.4
791,Jeff Null,7,,0,0.4,0,0,0.1,0,0,0.3,0,0.1,0.7,0.2,0.3,0.1,0,0,,,0.1
792,Jared Nuness,121,,1.8,4.4,0.399,0.6,1.3,0.435,1.2,3.1,0.384,0.8,1,0.792,1.5,2.4,0.6,0,,,5.5
793,Jordan Nuness,9,,0.4,1,0.444,0,0.3,0,0.4,0.7,0.667,0,0,,0.2,0.1,0.1,0,,,1.3
794,Angel Nunez,97,14.1,1.8,4.4,0.417,1.5,3,0.491,0.4,1.4,0.257,1.1,1.6,0.697,3.2,0.5,0.3,0.4,1.1,1.2,5.1
795,Eddie Nunez,13,,0,0.2,0,0,0.2,0,0,0.1,0,0.2,0.3,0.5,0.8,0.5,0.3,0.1,,,0.2
796,Gary Nunez,20,,1.2,2,0.59,1.2,2,0.59,0,0,,0.3,0.8,0.313,1.4,0.1,0.1,0.2,,,2.6
797,Manuel Nunez,41,3.7,0.1,0.6,0.154,0.1,0.3,0.308,0,0.3,0,0,0.1,0.25,0.3,0.1,0.1,0,0.2,0.5,0.2
798,Rigoberto Nunez,87,,0.4,1.3,0.339,0.4,1,0.393,0,0.2,0.1,0.2,0.4,0.455,1.2,0.3,0.1,0.1,,,1
799,Ayan Nunez de Carvalho,1,2,0,0,,0,0,,0,0,,0,0,,1,0,0,0,1,1,0
800,Greg Nunn,108,,1.7,3.8,0.433,1.3,2.7,0.493,0.3,1.1,0.286,1.5,2.6,0.571,2.8,4.9,1.9,0.1,,,5.1
801,Kendrick Nunn,96,27.7,3.8,9.1,0.424,2.2,4.7,0.465,1.7,4.4,0.379,1.3,1.6,0.805,3.3,1.6,1.1,0.2,1.3,1.6,10.6
802,Rozell Nunn,54,25,3.2,7.3,0.438,2.3,5.1,0.462,0.9,2.3,0.385,1.7,2.4,0.734,4.4,1.3,0.9,0,1.9,2.1,9
803,Tony Nunn,35,11.9,1.6,2.9,0.545,1.6,2.9,0.545,0,0,,0.5,1.2,0.405,2.9,0.1,0.1,1.1,0.8,2.3,3.6
804,James Nunnally,123,32.3,4.5,9.8,0.465,3,5.8,0.517,1.5,3.9,0.386,3.1,4,0.784,5.1,2,0.6,0.2,2.2,1.5,13.7
805,Michael Nunnally,66,21.6,3,5.5,0.547,3,5.5,0.548,0,0,0,1.5,2.9,0.503,4.4,0.5,0.3,0.3,1.4,1.2,7.5
806,Alex Nunner,114,,1.6,4.3,0.371,0.6,1.5,0.437,1,2.9,0.337,0.7,0.9,0.775,2.3,1.3,0.6,0,1.3,,4.9
807,Cavadas Nunnery,81,,0.7,1.7,0.384,0.6,1.3,0.45,0,0.4,0.138,0.4,0.7,0.559,1.3,1.8,1,0,,,1.8
808,Rob Nunnery,53,,0.7,1.8,0.419,0.7,1.7,0.424,0,0,0,0.5,0.9,0.553,2.7,0.3,0.1,1,,,2
809,Ronald Nunnery,50,,5.1,12,0.422,4.6,10.3,0.443,0.5,1.7,0.298,3.5,6.1,0.567,4.9,1.6,1.8,0.3,,,14.1
810,Enrico Nuno,17,6.4,0.2,0.7,0.25,0.1,0.2,0.25,0.1,0.5,0.25,0.1,0.2,0.667,1.7,0.4,0.5,0.3,0.2,1.4,0.6
811,Rauno Nurger,63,9.7,0.8,1.7,0.45,0.6,1.1,0.567,0.2,0.7,0.262,0.7,1.1,0.687,1.5,0.2,0.1,0.3,0.4,1.4,2.5
812,Chris Nurse,74,,4.9,9.3,0.53,4.9,9,0.541,0,0.3,0.15,2.7,5.3,0.511,9.5,0.6,0.9,0.9,,,12.6
813,David Nurse,88,34.6,2.6,7,0.377,0.8,1.9,0.423,1.8,5.1,0.36,1.6,2.1,0.785,2.3,1.9,0.7,0.1,1.6,1,8.7
814,Earl Nurse,88,,1.6,4.1,0.393,1.5,3.7,0.412,0.1,0.5,0.244,1,1.6,0.638,4.4,1.2,0.7,0.7,,,4.4
815,Joshua Nurse,25,6.4,0.3,0.8,0.35,0.3,0.8,0.35,0,0,,0.4,0.8,0.474,1.1,0.1,0.1,0.2,0.6,1.6,0.9
816,Michael Nurse,65,,3.7,9,0.41,1.4,3.2,0.452,2.2,5.8,0.387,1.9,2.7,0.693,2.7,2.4,0.9,0.2,,,11.5
817,Ty Nurse,59,22.4,1.8,4.5,0.392,0.7,1.5,0.471,1.1,3,0.354,1.2,1.3,0.883,1.2,1.4,0.7,0,1.1,1.9,5.7
818,Engen Nurumbi,9,,0.2,0.9,0.25,0.2,0.9,0.25,0,0,,0.2,0.2,1,0.9,0,0,0.1,,,0.7
819,Harley Nussman,6,2.7,0.2,0.5,0.333,0.2,0.5,0.333,0,0,,0,0,,1,0,0.2,0.2,0,1,0.3
820,Dennis Nutt,102,27.4,5.1,9.8,0.519,,,,,,,1.5,1.8,0.849,1.5,,,,,,11.7
821,Logan Nutt,50,8.8,0.5,1.2,0.371,0.3,0.8,0.421,0.1,0.5,0.292,0.4,0.5,0.692,0.7,1.2,0.1,0,0.8,0.3,1.4
822,Lucas Nutt,135,26.5,1.9,4.7,0.409,1.1,2.4,0.441,0.9,2.3,0.375,2.2,2.6,0.831,1.9,4.5,0.7,0,2,2,6.9
823,Jamar Nutter,115,,3.3,9,0.369,1.4,3.8,0.379,1.9,5.3,0.361,1.6,2.1,0.763,2.8,1.8,0.9,0.1,1.9,,10.1
824,Alai Nuualiitia,110,,4.4,7.9,0.559,4.3,7.6,0.564,0.1,0.3,0.4,3.3,5,0.661,6.4,1.3,1.1,1.1,,,12.2
825,David Nwaba,88,26,4.2,9,0.473,4.2,8.7,0.483,0,0.3,0.167,3.4,5.2,0.65,5.3,2,1.1,0.6,1.6,2,11.9
826,Mike Nwabuzor,11,9.5,0.5,1.5,0.294,0.5,1.2,0.385,0,0.4,0,0.6,0.8,0.778,1.1,0.5,0.2,0.1,1.3,0.6,1.5
827,Ben Nwachukwu,110,,2.7,5.4,0.504,2.7,5.4,0.504,0,0,,1.9,2.7,0.717,4.3,0.4,0.3,0.6,1.6,,7.4
828,Osita Nwachukwu,58,,1.4,2.9,0.482,1.4,2.9,0.482,0,0,,1.5,2.8,0.546,4.2,0.2,0.4,0.2,,,4.3
829,Obie Nwadike,110,,3.8,7.4,0.517,3.8,7.3,0.519,0,0,0,3.9,5.6,0.689,8.9,1.6,1.1,0.1,,,11.5
830,Patrick Nwadinobi,2,,0,0,,0,0,,0,0,,0,0,,0,0,0,0,,,0
831,Dan Nwaelele,109,,3.2,6.6,0.492,1.6,3,0.541,1.6,3.5,0.451,1.7,2.1,0.836,2.4,1.6,0.8,0.2,,,9.8
832,Chuck Nwagwu,9,,1,2.4,0.409,1,2.1,0.474,0,0.3,0,1,2.1,0.474,2,0.9,1,0,,,3
833,Mark Nwakamma,121,26.7,4.9,9.7,0.509,4.6,8.7,0.53,0.3,1,0.325,2.6,3.9,0.66,5.2,1.7,1,0.6,2.8,3.3,12.8
834,Chima Nwakpuda,7,1.1,0.1,0.1,1,0.1,0.1,1,0,0,,0.1,0.3,0.5,0.3,0,0,0,0.1,0,0.4
835,Ike Nwamu,130,21.7,3.1,7.3,0.425,1.8,3.7,0.475,1.4,3.6,0.374,2.1,2.9,0.721,2.6,1.2,0.6,0.3,1.5,1.7,9.7
836,Khalid Nwandu,97,15.9,1.1,2.5,0.443,1.1,2.4,0.453,0,0.1,0.25,0.9,1.7,0.539,2.1,1.5,0.8,0.1,1.4,2,3.2
837,Jamal Nwaniemeka,13,3.2,0.3,1.3,0.235,0.2,0.7,0.333,0.1,0.6,0.125,0.2,0.2,1,0.5,0.1,0.1,0,0,0.2,0.8
838,Davis Nwankwo,23,,0.2,0.5,0.455,0.2,0.5,0.455,0,0,,0.1,0.2,0.5,1.3,0.4,0.2,0.4,,,0.5
839,Ije Nwankwo,47,,2,4.6,0.433,2,4.6,0.439,0,0.1,0,2.1,3,0.712,3,0.6,0.7,0.6,,,6.1
840,Ike Nwankwo,68,,1.4,3.1,0.466,1.4,3.1,0.466,0,0,,0.5,0.9,0.578,2.7,0.3,0.3,0.6,,,3.4
841,Jeffrey Nwankwo,3,1.3,0,0,,0,0,,0,0,,0,0,,1,0,0,0,0.7,0.3,0
842,Robert Nwankwo,119,31.7,2.6,5.4,0.477,2.6,5.4,0.477,0,0,,1.9,3.8,0.504,6.8,0.4,0.8,1.9,1.2,1.2,7.1
843,Ugo Nwankwo,23,,0.5,1.3,0.387,0.4,0.7,0.529,0.1,0.6,0.214,0.2,0.3,0.625,0.9,0.5,0.3,0.1,,,1.4
844,Jon Nwannunu,66,14.6,2.1,4.1,0.511,2.1,4.1,0.515,0,0,0,1,1.3,0.753,3.1,0.4,0.3,0.5,0.8,1.9,5.2
845,Mbaukwu Nwaogwugwu,25,,0.2,0.6,0.333,0.2,0.6,0.333,0,0,,0.5,0.7,0.667,0.9,0,0,0.1,,,0.9
846,Stephen Nwaukoni,119,19.2,1.6,3.4,0.455,1.6,3.4,0.455,0,0,,1.7,2.6,0.65,6.3,0.3,0.3,0.3,1.2,2.3,4.8
847,Afam Nweke,109,,1.5,2.9,0.516,1.5,2.9,0.517,0,0,0,1.3,1.8,0.706,5.2,0.3,0.4,0.3,1.2,,4.3
848,Nelson Nweke,9,9.3,0.9,1.9,0.471,0.9,1.9,0.471,0,0,,0.4,0.8,0.571,2.7,0.1,0.1,0.1,1.1,1.8,2.2
849,Odera Nweke,94,16.4,1.2,2.8,0.429,1.2,2.7,0.437,0,0.1,0.143,1.1,1.8,0.623,3.3,0.8,0.5,0.6,1,2,3.5
850,Lawrence Nwevo,95,12.4,1.7,3.6,0.462,1.7,3.6,0.463,0,0,0,0.7,1.6,0.473,3,0.2,0.2,0.1,0.9,0.7,4.1
851,Mezie Nwigwe,131,27,2.2,5.3,0.406,1.7,4,0.437,0.4,1.4,0.318,1.5,2.2,0.714,3.2,1.8,0.7,0.1,1.9,0.7,6.3
852,Lotanna Nwogbo,97,18.2,3.2,5.6,0.581,3.2,5.5,0.583,0,0.1,0.4,2.1,3.2,0.654,4.9,0.3,0.4,0.7,1.6,2.2,8.6
853,Zimmy Nwogbo,51,11.3,0.9,2.2,0.421,0.9,2.2,0.427,0,0.1,0.25,0.8,1.2,0.667,2.5,0.4,0.5,0.2,0.8,1.1,2.7
854,Carderro Nwoji,61,,3.2,8.2,0.389,1.6,3.8,0.418,1.6,4.4,0.364,1.8,2.1,0.84,3.4,3,0.7,0,1.8,,9.8
855,Desmond Nwoke,58,,1.3,3.6,0.374,1.3,3.6,0.374,0,0,,1.1,2,0.548,3.9,0.5,0.4,0.3,,,3.7
856,Benjamin Nwokeabia,13,1.2,0.1,0.5,0.143,0,0,,0.1,0.5,0.143,0,0,,0.2,0,0.1,0,0,0.2,0.2
857,Daniel Nwosu,17,2.6,0.1,0.4,0.286,0.1,0.1,0.5,0.1,0.3,0.2,0,0,,0.2,0.1,0.1,0,0.2,0.5,0.3
858,Julius Nwosu,87,27.2,5.4,9.6,0.562,5.9,9.8,0.599,0,0,0,3.5,5.8,0.605,7.4,0.5,0.7,1.3,2.9,3.3,14.3
859,Clint Nwosuh,23,10.9,0.9,2.7,0.328,0.2,0.8,0.263,0.7,1.8,0.357,0.4,0.5,0.833,0.7,0.7,0.3,0,0.6,0.7,2.8
860,Robert Nyakundi,123,29,3.7,8.1,0.453,1.5,3.1,0.483,2.2,5,0.434,1.5,1.8,0.843,4,1,0.8,0.2,1.5,2,11
861,Roland Nyama,75,18.5,2,4.8,0.418,1.1,2.4,0.464,0.9,2.4,0.372,1.1,1.5,0.681,2.8,1.1,0.5,0.4,1,1.7,6
862,Nyambi Nyambi,32,,0.1,0.6,0.15,0.1,0.3,0.222,0,0.3,0.091,0.2,0.5,0.438,0.1,0.3,0.2,0,,,0.4
863,Kazadi Nyanguila,10,8,0.5,1.2,0.417,0.5,1.2,0.417,0,0,,0.3,0.4,0.75,1.2,0.2,0,0,0.4,1.1,1.3
864,David Nyarsuk,55,9.5,0.9,1.6,0.586,0.9,1.6,0.586,0,0,,0.3,0.4,0.652,2,0.2,0.1,0.7,0.5,1.4,2.1
865,Patrick Nyeko,93,10.5,0.3,1,0.287,0.2,0.5,0.354,0.1,0.5,0.217,0.5,0.7,0.701,1.1,0.5,0.2,0.1,0.5,0.8,1.2
866,Jeff Nyman,1,,1,1,1,1,1,1,0,0,,1,2,0.5,1,0,0,0,,,3
867,Jim Nystrom,21,,0.8,1.6,0.471,0.4,0.5,0.8,0.4,1.1,0.333,0.1,0.2,0.5,0.3,0.3,0.2,0,,,2
868,Bryce Nze,10,17.2,2.1,3.6,0.583,2.1,3.5,0.6,0,0.1,0,1.5,2.5,0.6,4.4,0.2,0.9,0.3,1.2,3.2,5.7
869,Josh Nzeakor,39,17.5,2.4,4.7,0.516,2.4,4.7,0.516,0,0,,1.5,2.8,0.55,5.1,0.5,0.5,0.4,1.1,2.3,6.4
870,Michel Nzege,65,17.9,2.1,3.6,0.572,2.1,3.6,0.573,0,0,0.5,0.8,1.3,0.635,4.1,0.6,0.4,0.4,1,1.8,5
871,Michael Nzei,43,14.9,1.7,2.5,0.664,1.7,2.5,0.664,0,0,,0.7,1.5,0.508,3.2,0.2,0.2,0.6,0.7,1.9,4
872,Emmanuel Nzekwesi,10,30.9,4.7,10.8,0.435,4,8.2,0.488,0.7,2.6,0.269,1.2,1.9,0.632,8.9,1.8,0.8,0.7,2.7,3.1,11.3
873,Ernest Nzigamasabo,33,,1.9,4.1,0.456,1.9,4.1,0.456,0,0,,0.6,1,0.576,3.5,1,0.5,0.4,,,4.3